{
"type": "FeatureCollection",
"name": "ports",
"features": [
{"type":"Feature","properties":{"port":"Abbotsbury","port_code":678.0,"lat":50.667,"long_":-2.6},"geometry":{"type":"MultiPoint","coordinates":[[-2.600000000099101,50.667000000250709]]}},
{"type":"Feature","properties":{"port":"Aberaeron","port_code":844.0,"lat":52.243,"long_":-4.264},"geometry":{"type":"MultiPoint","coordinates":[[-4.26400000029895,52.24300000005087]]}},
{"type":"Feature","properties":{"port":"Aberdaran","port_code":872.0,"lat":52.805,"long_":-4.712},"geometry":{"type":"MultiPoint","coordinates":[[-4.711999999799332,52.805000000150812]]}},
{"type":"Feature","properties":{"port":"Aberdeen","port_code":1407.0,"lat":57.143,"long_":-2.079},"geometry":{"type":"MultiPoint","coordinates":[[-2.079000000348913,57.143000000150835]]}},
{"type":"Feature","properties":{"port":"Aberdovey","port_code":854.0,"lat":52.544,"long_":-4.046},"geometry":{"type":"MultiPoint","coordinates":[[-4.045999999799335,52.543999999701157]]}},
{"type":"Feature","properties":{"port":"Aberffraw","port_code":877.0,"lat":53.1904,"long_":-4.4627},"geometry":{"type":"MultiPoint","coordinates":[[-4.462700000204052,53.190399999661167]]}},
{"type":"Feature","properties":{"port":"Abersoch","port_code":869.0,"lat":52.817,"long_":-4.5},"geometry":{"type":"MultiPoint","coordinates":[[-4.499999999899273,52.817000000450605]]}},
{"type":"Feature","properties":{"port":"Aberystwyth","port_code":849.0,"lat":52.417,"long_":-4.083},"geometry":{"type":"MultiPoint","coordinates":[[-4.08300000004914,52.41700000035064]]}},
{"type":"Feature","properties":{"port":"Achiltibuie","port_code":2702.0,"lat":58.033,"long_":-5.367},"geometry":{"type":"MultiPoint","coordinates":[[-5.366999999749396,58.033000000350683]]}},
{"type":"Feature","properties":{"port":"Aith","port_code":2230.0,"lat":60.283,"long_":-1.375},"geometry":{"type":"MultiPoint","coordinates":[[-1.374999999849308,60.283000000350683]]}},
{"type":"Feature","properties":{"port":"Aldeburgh and Orford","port_code":456.0,"lat":52.15,"long_":1.6},"geometry":{"type":"MultiPoint","coordinates":[[1.599999999601152,52.150000000200748]]}},
{"type":"Feature","properties":{"port":"Amble","port_code":115.0,"lat":55.333,"long_":-1.583},"geometry":{"type":"MultiPoint","coordinates":[[-1.582999999649473,55.333000000350694]]}},
{"type":"Feature","properties":{"port":"Amlwch","port_code":879.0,"lat":53.412,"long_":-4.334},"geometry":{"type":"MultiPoint","coordinates":[[-4.333999999799346,53.411999999801083]]}},
{"type":"Feature","properties":{"port":"Annalong","port_code":11.0,"lat":54.108,"long_":-5.896},"geometry":{"type":"MultiPoint","coordinates":[[-5.895999999699427,54.108000000100844]]}},
{"type":"Feature","properties":{"port":"Anstruther","port_code":1207.0,"lat":56.222,"long_":-2.701},"geometry":{"type":"MultiPoint","coordinates":[[-2.701000000149065,56.222000000300682]]}},
{"type":"Feature","properties":{"port":"Applecross","port_code":2503.0,"lat":57.433,"long_":-5.815},"geometry":{"type":"MultiPoint","coordinates":[[-5.815000000149098,57.432999999751132]]}},
{"type":"Feature","properties":{"port":"Appledore","port_code":789.0,"lat":51.05,"long_":-4.2},"geometry":{"type":"MultiPoint","coordinates":[[-4.19999999959947,51.049999999701129]]}},
{"type":"Feature","properties":{"port":"Arbroath","port_code":1303.0,"lat":56.556,"long_":-2.583},"geometry":{"type":"MultiPoint","coordinates":[[-2.583000000348932,56.55600000010088]]}},
{"type":"Feature","properties":{"port":"Ardentinny","port_code":2743.0,"lat":56.046,"long_":-4.911},"geometry":{"type":"MultiPoint","coordinates":[[-4.911000000049171,56.046000000400625]]}},
{"type":"Feature","properties":{"port":"Ardglass","port_code":20.0,"lat":54.26,"long_":-5.602},"geometry":{"type":"MultiPoint","coordinates":[[-5.60199999999918,54.260000000300693]]}},
{"type":"Feature","properties":{"port":"Ardnamurchan","port_code":2603.0,"lat":56.687,"long_":-6.094},"geometry":{"type":"MultiPoint","coordinates":[[-6.093999999699406,56.68700000045061]]}},
{"type":"Feature","properties":{"port":"Ardrishaig","port_code":2727.0,"lat":56.016,"long_":-5.448},"geometry":{"type":"MultiPoint","coordinates":[[-5.448000000199045,56.01600000010086]]}},
{"type":"Feature","properties":{"port":"Ardrossan","port_code":2820.0,"lat":55.641,"long_":-4.82},"geometry":{"type":"MultiPoint","coordinates":[[-4.819999999799336,55.640999999950964]]}},
{"type":"Feature","properties":{"port":"Arisaig","port_code":2601.0,"lat":56.91,"long_":-5.843},"geometry":{"type":"MultiPoint","coordinates":[[-5.842999999949257,56.910000000400657]]}},
{"type":"Feature","properties":{"port":"Arklow","port_code":9297.0,"lat":52.796,"long_":-6.141},"geometry":{"type":"MultiPoint","coordinates":[[-6.140999999749397,52.795999999701166]]}},
{"type":"Feature","properties":{"port":"Arran","port_code":2738.0,"lat":55.583,"long_":-5.283},"geometry":{"type":"MultiPoint","coordinates":[[-5.28300000034892,55.58299999985104]]}},
{"type":"Feature","properties":{"port":"Avoch","port_code":1911.0,"lat":57.567,"long_":-4.167},"geometry":{"type":"MultiPoint","coordinates":[[-4.167000000348935,57.566999999950951]]}},
{"type":"Feature","properties":{"port":"Axmouth","port_code":708.0,"lat":50.704,"long_":-3.06},"geometry":{"type":"MultiPoint","coordinates":[[-3.059999999899276,50.703999999601251]]}},
{"type":"Feature","properties":{"port":"Back","port_code":2311.0,"lat":58.267,"long_":-6.317},"geometry":{"type":"MultiPoint","coordinates":[[-6.316999999649454,58.267000000350663]]}},
{"type":"Feature","properties":{"port":"Baile Mor (Iona)","port_code":2643.0,"lat":56.331,"long_":-6.39},"geometry":{"type":"MultiPoint","coordinates":[[-6.38999999989926,56.330999999651226]]}},
{"type":"Feature","properties":{"port":"Balintore","port_code":2043.0,"lat":57.755,"long_":-3.911},"geometry":{"type":"MultiPoint","coordinates":[[-3.911000000248976,57.755000000150801]]}},
{"type":"Feature","properties":{"port":"Ballantrae","port_code":2829.0,"lat":55.099,"long_":-5.008},"geometry":{"type":"MultiPoint","coordinates":[[-5.007999999999186,55.099000000350657]]}},
{"type":"Feature","properties":{"port":"Ballintoy","port_code":53.0,"lat":55.233,"long_":-6.35},"geometry":{"type":"MultiPoint","coordinates":[[-6.349999999799365,55.232999999651213]]}},
{"type":"Feature","properties":{"port":"Ballycastle","port_code":56.0,"lat":55.207,"long_":-6.241},"geometry":{"type":"MultiPoint","coordinates":[[-6.240999999549558,55.207000000350661]]}},
{"type":"Feature","properties":{"port":"Ballydorn","port_code":49.0,"lat":54.4833,"long_":-5.65},"geometry":{"type":"MultiPoint","coordinates":[[-5.650000000298974,54.483299999696158]]}},
{"type":"Feature","properties":{"port":"Balvicar","port_code":2637.0,"lat":56.283,"long_":-5.6},"geometry":{"type":"MultiPoint","coordinates":[[-5.600000000398893,56.283000000250752]]}},
{"type":"Feature","properties":{"port":"Banff","port_code":1606.0,"lat":57.667,"long_":-2.533},"geometry":{"type":"MultiPoint","coordinates":[[-2.532999999549531,57.666999999751113]]}},
{"type":"Feature","properties":{"port":"Bangor (Co. Down)","port_code":38.0,"lat":54.65,"long_":-5.7},"geometry":{"type":"MultiPoint","coordinates":[[-5.700000000199054,54.649999999701151]]}},
{"type":"Feature","properties":{"port":"Ballylumford","port_code":9.0,"lat":54.849,"long_":-5.79},"geometry":{"type":"MultiPoint","coordinates":[[-5.790000000199029,54.848999999950991]]}},
{"type":"Feature","properties":{"port":"Ballywalter","port_code":37.0,"lat":54.533,"long_":-5.483},"geometry":{"type":"MultiPoint","coordinates":[[-5.482999999949243,54.533000000150821]]}},
{"type":"Feature","properties":{"port":"Baltasound","port_code":2855.0,"lat":60.6853,"long_":-0.861053},"geometry":{"type":"MultiPoint","coordinates":[[-0.861052999795277,60.685300000395671]]}},
{"type":"Feature","properties":{"port":"Blakeney","port_code":411.0,"lat":52.95,"long_":1.017},"geometry":{"type":"MultiPoint","coordinates":[[1.016999999651091,52.950000000400621]]}},
{"type":"Feature","properties":{"port":"Barmouth","port_code":856.0,"lat":52.717,"long_":-4.05},"geometry":{"type":"MultiPoint","coordinates":[[-4.049999999899285,52.716999999751124]]}},
{"type":"Feature","properties":{"port":"Barra","port_code":2346.0,"lat":57.009,"long_":-7.403},"geometry":{"type":"MultiPoint","coordinates":[[-7.403000000248994,57.008999999950959]]}},
{"type":"Feature","properties":{"port":"Barrow","port_code":968.0,"lat":54.117,"long_":-3.233},"geometry":{"type":"MultiPoint","coordinates":[[-3.232999999949243,54.116999999651171]]}},
{"type":"Feature","properties":{"port":"Beadnell","port_code":109.0,"lat":55.55,"long_":-1.633},"geometry":{"type":"MultiPoint","coordinates":[[-1.632999999549497,55.549999999701186]]}},
{"type":"Feature","properties":{"port":"Beaumaris","port_code":886.0,"lat":53.3,"long_":-4.117},"geometry":{"type":"MultiPoint","coordinates":[[-4.116999999549535,53.299999999701129]]}},
{"type":"Feature","properties":{"port":"Beer","port_code":704.0,"lat":50.697,"long_":-3.091},"geometry":{"type":"MultiPoint","coordinates":[[-3.090999999549524,50.696999999651212]]}},
{"type":"Feature","properties":{"port":"Beesands","port_code":723.0,"lat":50.333,"long_":-3.567},"geometry":{"type":"MultiPoint","coordinates":[[-3.566999999749385,50.333000000450568]]}},
{"type":"Feature","properties":{"port":"BEMBRIDGE","port_code":664.0,"lat":50.683,"long_":-1.083},"geometry":{"type":"MultiPoint","coordinates":[[-1.082999999749347,50.682999999751132]]}},
{"type":"Feature","properties":{"port":"Benbecula","port_code":2328.0,"lat":57.45,"long_":-7.267},"geometry":{"type":"MultiPoint","coordinates":[[-7.266999999549512,57.450000000400621]]}},
{"type":"Feature","properties":{"port":"Bernera (Lewis)","port_code":2315.0,"lat":58.183,"long_":-6.983},"geometry":{"type":"MultiPoint","coordinates":[[-6.982999999649451,58.183000000050924]]}},
{"type":"Feature","properties":{"port":"Bernera (N Uist)","port_code":2323.0,"lat":57.6,"long_":-7.15},"geometry":{"type":"MultiPoint","coordinates":[[-7.149999999999181,57.600000000100863]]}},
{"type":"Feature","properties":{"port":"Berwick","port_code":102.0,"lat":55.783,"long_":-2.0},"geometry":{"type":"MultiPoint","coordinates":[[-2.00000000039887,55.783000000350683]]}},
{"type":"Feature","properties":{"port":"Bideford","port_code":791.0,"lat":51.017,"long_":-4.217},"geometry":{"type":"MultiPoint","coordinates":[[-4.217000000249016,51.017000000450594]]}},
{"type":"Feature","properties":{"port":"Birsay","port_code":2111.0,"lat":59.117,"long_":-3.283},"geometry":{"type":"MultiPoint","coordinates":[[-3.282999999849324,59.117000000450616]]}},
{"type":"Feature","properties":{"port":"Blyth","port_code":118.0,"lat":55.121,"long_":-1.514},"geometry":{"type":"MultiPoint","coordinates":[[-1.51400000039888,55.121000000450579]]}},
{"type":"Feature","properties":{"port":"Boddam","port_code":1507.0,"lat":57.475,"long_":-1.778},"geometry":{"type":"MultiPoint","coordinates":[[-1.777999999799363,57.47500000035069]]}},
{"type":"Feature","properties":{"port":"Bognor Regis","port_code":646.0,"lat":50.783,"long_":-0.683},"geometry":{"type":"MultiPoint","coordinates":[[-0.682999999649439,50.783000000450556]]}},
{"type":"Feature","properties":{"port":"Boscastle","port_code":785.0,"lat":50.683,"long_":-4.7},"geometry":{"type":"MultiPoint","coordinates":[[-4.700000000398916,50.682999999751132]]}},
{"type":"Feature","properties":{"port":"Boston","port_code":321.0,"lat":52.983,"long_":0.0},"geometry":{"type":"MultiPoint","coordinates":[[0.000000000100727,52.982999999651213]]}},
{"type":"Feature","properties":{"port":"Boulmer","port_code":112.0,"lat":55.421,"long_":-1.581},"geometry":{"type":"MultiPoint","coordinates":[[-1.58100000004913,55.420999999851063]]}},
{"type":"Feature","properties":{"port":"Bowmore","port_code":2711.0,"lat":55.7333,"long_":-6.28846},"geometry":{"type":"MultiPoint","coordinates":[[-6.288460000128111,55.733299999896019]]}},
{"type":"Feature","properties":{"port":"Bracadale","port_code":2519.0,"lat":57.35,"long_":-6.4},"geometry":{"type":"MultiPoint","coordinates":[[-6.399999999699446,57.34999999970114]]}},
{"type":"Feature","properties":{"port":"Bradwell","port_code":485.0,"lat":51.733,"long_":0.883},"geometry":{"type":"MultiPoint","coordinates":[[0.883000000350535,51.733000000350671]]}},
{"type":"Feature","properties":{"port":"Brancaster Staithe","port_code":403.0,"lat":52.967,"long_":0.667},"geometry":{"type":"MultiPoint","coordinates":[[0.667000000350583,52.96700000015079]]}},
{"type":"Feature","properties":{"port":"Breasclete","port_code":2340.0,"lat":58.2,"long_":-6.75},"geometry":{"type":"MultiPoint","coordinates":[[-6.749999999899273,58.199999999801094]]}},
{"type":"Feature","properties":{"port":"Bridlington","port_code":225.0,"lat":54.095,"long_":-0.208},"geometry":{"type":"MultiPoint","coordinates":[[-0.207999999699382,54.095000000450568]]}},
{"type":"Feature","properties":{"port":"Brightlingsea","port_code":476.0,"lat":51.8,"long_":1.033},"geometry":{"type":"MultiPoint","coordinates":[[1.033000000050777,51.800000000000921]]}},
{"type":"Feature","properties":{"port":"Brighton","port_code":638.0,"lat":50.819,"long_":-0.136},"geometry":{"type":"MultiPoint","coordinates":[[-0.135999999699379,50.819000000450558]]}},
{"type":"Feature","properties":{"port":"Bristol","port_code":799.0,"lat":51.45,"long_":-2.583},"geometry":{"type":"MultiPoint","coordinates":[[-2.583000000348932,51.449999999801094]]}},
{"type":"Feature","properties":{"port":"Brixham","port_code":717.0,"lat":50.383,"long_":-3.5},"geometry":{"type":"MultiPoint","coordinates":[[-3.500000000099135,50.383000000350648]]}},
{"type":"Feature","properties":{"port":"Broadford","port_code":2511.0,"lat":57.233,"long_":-5.883},"geometry":{"type":"MultiPoint","coordinates":[[-5.883000000049151,57.23300000015081]]}},
{"type":"Feature","properties":{"port":"Brora","port_code":2003.0,"lat":58.017,"long_":-3.833},"geometry":{"type":"MultiPoint","coordinates":[[-3.832999999649473,58.016999999950997]]}},
{"type":"Feature","properties":{"port":"Bruichladdich","port_code":2709.0,"lat":55.764,"long_":-6.361},"geometry":{"type":"MultiPoint","coordinates":[[-6.360999999849298,55.76400000010085]]}},
{"type":"Feature","properties":{"port":"Buckie","port_code":1805.0,"lat":57.667,"long_":-2.95},"geometry":{"type":"MultiPoint","coordinates":[[-2.950000000298985,57.666999999751113]]}},
{"type":"Feature","properties":{"port":"Bude","port_code":786.0,"lat":50.833,"long_":-4.55},"geometry":{"type":"MultiPoint","coordinates":[[-4.549999999799354,50.833000000350637]]}},
{"type":"Feature","properties":{"port":"Budleigh Salterton","port_code":709.0,"lat":50.63,"long_":-3.33},"geometry":{"type":"MultiPoint","coordinates":[[-3.329999999899258,50.630000000000905]]}},
{"type":"Feature","properties":{"port":"Bunessan","port_code":2640.0,"lat":56.317,"long_":-6.233},"geometry":{"type":"MultiPoint","coordinates":[[-6.233000000248978,56.316999999751147]]}},
{"type":"Feature","properties":{"port":"Burghead","port_code":1905.0,"lat":57.7,"long_":-3.483},"geometry":{"type":"MultiPoint","coordinates":[[-3.483000000348909,57.699999999901024]]}},
{"type":"Feature","properties":{"port":"Burnham-On-Crouch","port_code":490.0,"lat":51.617,"long_":0.833},"geometry":{"type":"MultiPoint","coordinates":[[0.833000000450454,51.617000000150824]]}},
{"type":"Feature","properties":{"port":"Burnmouth","port_code":1001.0,"lat":55.843,"long_":-2.071},"geometry":{"type":"MultiPoint","coordinates":[[-2.07100000014907,55.843000000050893]]}},
{"type":"Feature","properties":{"port":"Burntisland","port_code":1121.0,"lat":56.067,"long_":-3.217},"geometry":{"type":"MultiPoint","coordinates":[[-3.2169999995495,56.067000000250744]]}},
{"type":"Feature","properties":{"port":"Burra (Hamnavoe)","port_code":2234.0,"lat":60.1056,"long_":-1.33785},"geometry":{"type":"MultiPoint","coordinates":[[-1.337849999876767,60.105599999741116]]}},
{"type":"Feature","properties":{"port":"Burravoe","port_code":2222.0,"lat":60.389,"long_":-1.35},"geometry":{"type":"MultiPoint","coordinates":[[-1.349999999899239,60.38899999985108]]}},
{"type":"Feature","properties":{"port":"Burray","port_code":2119.0,"lat":58.85,"long_":-2.917},"geometry":{"type":"MultiPoint","coordinates":[[-2.917000000149073,58.850000000300724]]}},
{"type":"Feature","properties":{"port":"Burry Port","port_code":809.0,"lat":51.683,"long_":-4.25},"geometry":{"type":"MultiPoint","coordinates":[[-4.25000000039887,51.683000000450591]]}},
{"type":"Feature","properties":{"port":"Burtonport","port_code":9099.0,"lat":54.987,"long_":-8.433},"geometry":{"type":"MultiPoint","coordinates":[[-8.433000000348954,54.98700000025076]]}},
{"type":"Feature","properties":{"port":"Cadgwith","port_code":756.0,"lat":49.987,"long_":-5.179},"geometry":{"type":"MultiPoint","coordinates":[[-5.178999999549546,49.987000000350633]]}},
{"type":"Feature","properties":{"port":"Caernarvon","port_code":876.0,"lat":53.133,"long_":-4.25},"geometry":{"type":"MultiPoint","coordinates":[[-4.25000000039887,53.133000000250718]]}},
{"type":"Feature","properties":{"port":"Cairnbulg","port_code":1605.0,"lat":57.667,"long_":-1.917},"geometry":{"type":"MultiPoint","coordinates":[[-1.917000000348935,57.666999999751113]]}},
{"type":"Feature","properties":{"port":"Campbeltown","port_code":2721.0,"lat":55.417,"long_":-5.6},"geometry":{"type":"MultiPoint","coordinates":[[-5.600000000398893,55.416999999751113]]}},
{"type":"Feature","properties":{"port":"Canvey Island","port_code":505.0,"lat":51.517,"long_":0.567},"geometry":{"type":"MultiPoint","coordinates":[[0.566999999651102,51.517000000350663]]}},
{"type":"Feature","properties":{"port":"Cardiff","port_code":803.0,"lat":51.462,"long_":-3.167},"geometry":{"type":"MultiPoint","coordinates":[[-3.166999999649477,51.462000000100829]]}},
{"type":"Feature","properties":{"port":"Cardigan","port_code":845.0,"lat":52.083,"long_":-4.65},"geometry":{"type":"MultiPoint","coordinates":[[-4.649999999599515,52.082999999651179]]}},
{"type":"Feature","properties":{"port":"Carloway","port_code":2856.0,"lat":58.2784,"long_":-6.7912},"geometry":{"type":"MultiPoint","coordinates":[[-6.791199999579533,58.278399999960982]]}},
{"type":"Feature","properties":{"port":"Carnlough","port_code":58.0,"lat":54.983,"long_":-6.0},"geometry":{"type":"MultiPoint","coordinates":[[-5.999999999599481,54.98300000015081]]}},
{"type":"Feature","properties":{"port":"Carradale","port_code":2723.0,"lat":55.592,"long_":-5.463},"geometry":{"type":"MultiPoint","coordinates":[[-5.463000000348927,55.592000000300686]]}},
{"type":"Feature","properties":{"port":"Carron","port_code":2505.0,"lat":57.35,"long_":-5.6},"geometry":{"type":"MultiPoint","coordinates":[[-5.600000000398893,57.34999999970114]]}},
{"type":"Feature","properties":{"port":"Castlebay","port_code":2333.0,"lat":57.0,"long_":-7.4},"geometry":{"type":"MultiPoint","coordinates":[[-7.400000000398904,57.000000000400632]]}},
{"type":"Feature","properties":{"port":"Castlehill","port_code":2031.0,"lat":58.6,"long_":-3.383},"geometry":{"type":"MultiPoint","coordinates":[[-3.382999999649428,58.599999999901002]]}},
{"type":"Feature","properties":{"port":"Catterline","port_code":1401.0,"lat":56.9,"long_":-2.2},"geometry":{"type":"MultiPoint","coordinates":[[-2.199999999999193,56.899999999701151]]}},
{"type":"Feature","properties":{"port":"Charlestown","port_code":741.0,"lat":56.033,"long_":-3.5},"geometry":{"type":"MultiPoint","coordinates":[[-3.500000000099135,56.032999999851029]]}},
{"type":"Feature","properties":{"port":"Christchurch","port_code":657.0,"lat":50.733,"long_":-1.75},"geometry":{"type":"MultiPoint","coordinates":[[-1.749999999999204,50.732999999651213]]}},
{"type":"Feature","properties":{"port":"Clacton","port_code":469.0,"lat":51.8,"long_":1.15},"geometry":{"type":"MultiPoint","coordinates":[[1.149999999601107,51.800000000000921]]}},
{"type":"Feature","properties":{"port":"Clovelly","port_code":787.0,"lat":51.0,"long_":-4.4},"geometry":{"type":"MultiPoint","coordinates":[[-4.400000000099112,50.999999999801048]]}},
{"type":"Feature","properties":{"port":"Colchester","port_code":477.0,"lat":51.883,"long_":0.9},"geometry":{"type":"MultiPoint","coordinates":[[0.900000000100761,51.883000000050913]]}},
{"type":"Feature","properties":{"port":"Coll","port_code":2617.0,"lat":56.617,"long_":-6.517},"geometry":{"type":"MultiPoint","coordinates":[[-6.517000000149096,56.617000000050894]]}},
{"type":"Feature","properties":{"port":"Collafirth","port_code":2228.0,"lat":60.401,"long_":-1.219},"geometry":{"type":"MultiPoint","coordinates":[[-1.21899999954951,60.401000000150816]]}},
{"type":"Feature","properties":{"port":"Colonsay","port_code":2715.0,"lat":56.069,"long_":-6.187},"geometry":{"type":"MultiPoint","coordinates":[[-6.186999999549528,56.06899999985103]]}},
{"type":"Feature","properties":{"port":"Connahs Quay","port_code":894.0,"lat":53.217,"long_":-3.067},"geometry":{"type":"MultiPoint","coordinates":[[-3.066999999849315,53.216999999651193]]}},
{"type":"Feature","properties":{"port":"Conwy","port_code":802.0,"lat":53.283,"long_":-3.833},"geometry":{"type":"MultiPoint","coordinates":[[-3.832999999649473,53.28299999995096]]}},
{"type":"Feature","properties":{"port":"Cove (Aberdeen)","port_code":1405.0,"lat":57.1,"long_":-2.067},"geometry":{"type":"MultiPoint","coordinates":[[-2.06700000004912,57.100000000200794]]}},
{"type":"Feature","properties":{"port":"Cove (Leith)","port_code":1101.0,"lat":55.933,"long_":-2.35},"geometry":{"type":"MultiPoint","coordinates":[[-2.349999999699435,55.933000000050924]]}},
{"type":"Feature","properties":{"port":"Coverack","port_code":755.0,"lat":50.017,"long_":-5.1},"geometry":{"type":"MultiPoint","coordinates":[[-5.099999999599504,50.016999999751135]]}},
{"type":"Feature","properties":{"port":"Cowes","port_code":658.0,"lat":50.767,"long_":-1.3},"geometry":{"type":"MultiPoint","coordinates":[[-1.299999999999159,50.767000000050871]]}},
{"type":"Feature","properties":{"port":"Crail","port_code":1209.0,"lat":56.25,"long_":-2.617},"geometry":{"type":"MultiPoint","coordinates":[[-2.616999999849327,56.25000000010084]]}},
{"type":"Feature","properties":{"port":"Craster","port_code":111.0,"lat":55.467,"long_":-1.583},"geometry":{"type":"MultiPoint","coordinates":[[-1.582999999649473,55.466999999651193]]}},
{"type":"Feature","properties":{"port":"Criccieth","port_code":866.0,"lat":52.92,"long_":-4.21333},"geometry":{"type":"MultiPoint","coordinates":[[-4.213330000078656,52.920000000100856]]}},
{"type":"Feature","properties":{"port":"Crinan","port_code":2714.0,"lat":56.083,"long_":-5.55},"geometry":{"type":"MultiPoint","coordinates":[[-5.549999999599493,56.082999999751109]]}},
{"type":"Feature","properties":{"port":"Cromarty","port_code":1913.0,"lat":57.667,"long_":-4.0},"geometry":{"type":"MultiPoint","coordinates":[[-3.999999999999204,57.666999999751113]]}},
{"type":"Feature","properties":{"port":"Cromer","port_code":431.0,"lat":52.933,"long_":1.3},"geometry":{"type":"MultiPoint","coordinates":[[1.300000000200669,52.932999999751132]]}},
{"type":"Feature","properties":{"port":"Cuan","port_code":2638.0,"lat":56.267,"long_":-5.617},"geometry":{"type":"MultiPoint","coordinates":[[-5.617000000149062,56.266999999851066]]}},
{"type":"Feature","properties":{"port":"Cullercoats","port_code":121.0,"lat":55.0321,"long_":-1.43213},"geometry":{"type":"MultiPoint","coordinates":[[-1.432130000298457,55.032099999915999]]}},
{"type":"Feature","properties":{"port":"Cullivoe","port_code":2223.0,"lat":60.7,"long_":-1.0},"geometry":{"type":"MultiPoint","coordinates":[[-0.999999999699412,60.700000000200816]]}},
{"type":"Feature","properties":{"port":"Cushendun","port_code":24.0,"lat":55.133,"long_":-6.05},"geometry":{"type":"MultiPoint","coordinates":[[-6.050000000398882,55.132999999851052]]}},
{"type":"Feature","properties":{"port":"Dartmouth","port_code":720.0,"lat":50.35,"long_":-3.583},"geometry":{"type":"MultiPoint","coordinates":[[-3.58300000014907,50.350000000200794]]}},
{"type":"Feature","properties":{"port":"Deerness","port_code":2115.0,"lat":58.967,"long_":-2.85},"geometry":{"type":"MultiPoint","coordinates":[[-2.849999999599504,58.966999999851055]]}},
{"type":"Feature","properties":{"port":"Dielette","port_code":3020.0,"lat":49.533,"long_":-1.867},"geometry":{"type":"MultiPoint","coordinates":[[-1.866999999549535,49.533000000250752]]}},
{"type":"Feature","properties":{"port":"Donaghadee","port_code":39.0,"lat":54.633,"long_":-5.533},"geometry":{"type":"MultiPoint","coordinates":[[-5.532999999849324,54.632999999950982]]}},
{"type":"Feature","properties":{"port":"Douglas","port_code":75.0,"lat":54.15,"long_":-4.46667},"geometry":{"type":"MultiPoint","coordinates":[[-4.466669999819828,54.149999999801082]]}},
{"type":"Feature","properties":{"port":"Dover","port_code":614.0,"lat":51.122,"long_":1.313},"geometry":{"type":"MultiPoint","coordinates":[[1.312999999850945,51.121999999701131]]}},
{"type":"Feature","properties":{"port":"Drummore","port_code":2835.0,"lat":54.691,"long_":-4.892},"geometry":{"type":"MultiPoint","coordinates":[[-4.891999999799339,54.691000000050906]]}},
{"type":"Feature","properties":{"port":"Dunbar","port_code":1103.0,"lat":55.983,"long_":-2.483},"geometry":{"type":"MultiPoint","coordinates":[[-2.482999999649451,55.982999999950948]]}},
{"type":"Feature","properties":{"port":"Dunbeath","port_code":2007.0,"lat":58.233,"long_":-3.433},"geometry":{"type":"MultiPoint","coordinates":[[-3.432999999549509,58.232999999950948]]}},
{"type":"Feature","properties":{"port":"Dungeness","port_code":623.0,"lat":50.917,"long_":0.967},"geometry":{"type":"MultiPoint","coordinates":[[0.96699999975101,50.916999999751113]]}},
{"type":"Feature","properties":{"port":"Dunoon","port_code":2731.0,"lat":55.946,"long_":-4.922},"geometry":{"type":"MultiPoint","coordinates":[[-4.922000000099104,55.945999999701144]]}},
{"type":"Feature","properties":{"port":"Dunrossness and Fair Isle","port_code":2201.0,"lat":59.5607,"long_":-1.6397},"geometry":{"type":"MultiPoint","coordinates":[[-1.63970000005412,59.560700000405632]]}},
{"type":"Feature","properties":{"port":"Dunure","port_code":2823.0,"lat":55.407,"long_":-4.757},"geometry":{"type":"MultiPoint","coordinates":[[-4.757000000248979,55.406999999950983]]}},
{"type":"Feature","properties":{"port":"Dunvegan","port_code":2517.0,"lat":57.433,"long_":-6.583},"geometry":{"type":"MultiPoint","coordinates":[[-6.582999999549543,57.432999999751132]]}},
{"type":"Feature","properties":{"port":"Eastbourne","port_code":632.0,"lat":50.7933,"long_":0.324722},"geometry":{"type":"MultiPoint","coordinates":[[0.324722000121028,50.79329999969616]]}},
{"type":"Feature","properties":{"port":"Eday","port_code":2105.0,"lat":59.192,"long_":-2.77},"geometry":{"type":"MultiPoint","coordinates":[[-2.770000000298978,59.192000000300709]]}},
{"type":"Feature","properties":{"port":"Elie","port_code":1225.0,"lat":56.183,"long_":-2.8},"geometry":{"type":"MultiPoint","coordinates":[[-2.799999999699423,56.183000000450591]]}},
{"type":"Feature","properties":{"port":"Emsworth","port_code":651.0,"lat":50.85,"long_":-0.933},"geometry":{"type":"MultiPoint","coordinates":[[-0.933000000049162,50.850000000100863]]}},
{"type":"Feature","properties":{"port":"Erribol","port_code":2407.0,"lat":58.467,"long_":-4.683},"geometry":{"type":"MultiPoint","coordinates":[[-4.68299999974937,58.466999999950986]]}},
{"type":"Feature","properties":{"port":"Eshaness","port_code":2229.0,"lat":60.5,"long_":-1.55},"geometry":{"type":"MultiPoint","coordinates":[[-1.550000000398882,60.499999999701174]]}},
{"type":"Feature","properties":{"port":"Exeter","port_code":705.0,"lat":50.7,"long_":-3.533},"geometry":{"type":"MultiPoint","coordinates":[[-3.53300000024899,50.700000000400621]]}},
{"type":"Feature","properties":{"port":"Exmouth","port_code":706.0,"lat":50.619,"long_":-3.413},"geometry":{"type":"MultiPoint","coordinates":[[-3.41299999994925,50.618999999950972]]}},
{"type":"Feature","properties":{"port":"Eyemouth","port_code":1003.0,"lat":55.867,"long_":-2.083},"geometry":{"type":"MultiPoint","coordinates":[[-2.082999999549543,55.866999999751101]]}},
{"type":"Feature","properties":{"port":"Fairisle","port_code":2218.0,"lat":59.538,"long_":-1.606},"geometry":{"type":"MultiPoint","coordinates":[[-1.605999999999199,59.538000000400643]]}},
{"type":"Feature","properties":{"port":"Fanad","port_code":9006.0,"lat":55.279,"long_":-7.647},"geometry":{"type":"MultiPoint","coordinates":[[-7.647000000049161,55.279000000350663]]}},
{"type":"Feature","properties":{"port":"Faversham","port_code":520.0,"lat":51.317,"long_":0.9},"geometry":{"type":"MultiPoint","coordinates":[[0.900000000100761,51.316999999851021]]}},
{"type":"Feature","properties":{"port":"Felixstowe","port_code":461.0,"lat":51.967,"long_":1.35},"geometry":{"type":"MultiPoint","coordinates":[[1.350000000100749,51.967000000350652]]}},
{"type":"Feature","properties":{"port":"Filey","port_code":221.0,"lat":54.21,"long_":-0.289},"geometry":{"type":"MultiPoint","coordinates":[[-0.289000000149088,54.210000000400612]]}},
{"type":"Feature","properties":{"port":"Findochty","port_code":1803.0,"lat":57.683,"long_":-2.9},"geometry":{"type":"MultiPoint","coordinates":[[-2.900000000398904,57.683000000150798]]}},
{"type":"Feature","properties":{"port":"Fionnphort","port_code":2641.0,"lat":56.317,"long_":-6.35},"geometry":{"type":"MultiPoint","coordinates":[[-6.349999999799365,56.316999999751147]]}},
{"type":"Feature","properties":{"port":"Fishguard","port_code":837.0,"lat":51.993,"long_":-4.974},"geometry":{"type":"MultiPoint","coordinates":[[-4.973999999599471,51.992999999651204]]}},
{"type":"Feature","properties":{"port":"Flamborough","port_code":224.0,"lat":54.117,"long_":-0.117},"geometry":{"type":"MultiPoint","coordinates":[[-0.117000000348924,54.116999999651171]]}},
{"type":"Feature","properties":{"port":"Fleetwood","port_code":901.0,"lat":53.917,"long_":-3.0},"geometry":{"type":"MultiPoint","coordinates":[[-3.000000000199009,53.917000000050905]]}},
{"type":"Feature","properties":{"port":"Flushing","port_code":747.0,"lat":50.15,"long_":-5.08},"geometry":{"type":"MultiPoint","coordinates":[[-5.079999999999188,50.149999999701151]]}},
{"type":"Feature","properties":{"port":"Folkestone","port_code":617.0,"lat":51.079,"long_":1.189},"geometry":{"type":"MultiPoint","coordinates":[[1.189000000350575,51.07899999975109]]}},
{"type":"Feature","properties":{"port":"Fort William","port_code":2605.0,"lat":56.817,"long_":-5.083},"geometry":{"type":"MultiPoint","coordinates":[[-5.082999999849278,56.816999999651216]]}},
{"type":"Feature","properties":{"port":"Fowey","port_code":735.0,"lat":50.335,"long_":-4.63653},"geometry":{"type":"MultiPoint","coordinates":[[-4.636529999858794,50.335000000050911]]}},
{"type":"Feature","properties":{"port":"Fraserburgh","port_code":1607.0,"lat":57.683,"long_":-2.0},"geometry":{"type":"MultiPoint","coordinates":[[-2.00000000039887,57.683000000150798]]}},
{"type":"Feature","properties":{"port":"Furnace","port_code":2740.0,"lat":56.15,"long_":-5.167},"geometry":{"type":"MultiPoint","coordinates":[[-5.167000000149073,56.150000000300736]]}},
{"type":"Feature","properties":{"port":"Gairloch","port_code":2704.0,"lat":57.7,"long_":-5.683},"geometry":{"type":"MultiPoint","coordinates":[[-5.682999999549509,57.699999999901024]]}},
{"type":"Feature","properties":{"port":"Gardenstown","port_code":1701.0,"lat":57.667,"long_":-2.333},"geometry":{"type":"MultiPoint","coordinates":[[-2.332999999949209,57.666999999751113]]}},
{"type":"Feature","properties":{"port":"Garlieston","port_code":2841.0,"lat":54.788,"long_":-4.364},"geometry":{"type":"MultiPoint","coordinates":[[-4.364000000099111,54.78800000000092]]}},
{"type":"Feature","properties":{"port":"Gigha","port_code":2703.0,"lat":55.675,"long_":-5.736},"geometry":{"type":"MultiPoint","coordinates":[[-5.736000000199056,55.675000000350678]]}},
{"type":"Feature","properties":{"port":"Girvan","port_code":2827.0,"lat":55.233,"long_":-4.85},"geometry":{"type":"MultiPoint","coordinates":[[-4.850000000099101,55.232999999651213]]}},
{"type":"Feature","properties":{"port":"Glenuig","port_code":2620.0,"lat":56.833,"long_":-5.817},"geometry":{"type":"MultiPoint","coordinates":[[-5.816999999749385,56.833000000050902]]}},
{"type":"Feature","properties":{"port":"Golspie","port_code":2001.0,"lat":57.975,"long_":-3.97},"geometry":{"type":"MultiPoint","coordinates":[[-3.969999999699439,57.975000000250759]]}},
{"type":"Feature","properties":{"port":"Gourdon","port_code":1309.0,"lat":56.828,"long_":-2.284},"geometry":{"type":"MultiPoint","coordinates":[[-2.284000000298931,56.827999999701149]]}},
{"type":"Feature","properties":{"port":"Great Yarmouth","port_code":441.0,"lat":52.633,"long_":1.75},"geometry":{"type":"MultiPoint","coordinates":[[1.750000000200657,52.633000000350648]]}},
{"type":"Feature","properties":{"port":"Greencastle","port_code":28.0,"lat":54.0245,"long_":-6.06},"geometry":{"type":"MultiPoint","coordinates":[[-6.060000000199068,54.024500000375667]]}},
{"type":"Feature","properties":{"port":"Greencastle","port_code":9001.0,"lat":55.204,"long_":-6.979},"geometry":{"type":"MultiPoint","coordinates":[[-6.978999999549558,55.203999999601251]]}},
{"type":"Feature","properties":{"port":"Greenock","port_code":2807.0,"lat":55.933,"long_":-4.733},"geometry":{"type":"MultiPoint","coordinates":[[-4.732999999649451,55.933000000050924]]}},
{"type":"Feature","properties":{"port":"Grimsay","port_code":2327.0,"lat":57.467,"long_":-7.2},"geometry":{"type":"MultiPoint","coordinates":[[-7.199999999899262,57.467000000150847]]}},
{"type":"Feature","properties":{"port":"Grimsby","port_code":301.0,"lat":53.533,"long_":0.0},"geometry":{"type":"MultiPoint","coordinates":[[0.000000000100727,53.533000000350683]]}},
{"type":"Feature","properties":{"port":"Guernsey","port_code":90.0,"lat":49.4573,"long_":-2.52689},"geometry":{"type":"MultiPoint","coordinates":[[-2.526890000172557,49.457299999596216]]}},
{"type":"Feature","properties":{"port":"Hamble","port_code":652.0,"lat":50.85,"long_":-1.317},"geometry":{"type":"MultiPoint","coordinates":[[-1.316999999749385,50.850000000100863]]}},
{"type":"Feature","properties":{"port":"Hartlepool","port_code":127.0,"lat":54.683,"long_":-1.217},"geometry":{"type":"MultiPoint","coordinates":[[-1.216999999949223,54.682999999851063]]}},
{"type":"Feature","properties":{"port":"Harwich","port_code":466.0,"lat":51.95,"long_":1.3},"geometry":{"type":"MultiPoint","coordinates":[[1.300000000200669,51.949999999701163]]}},
{"type":"Feature","properties":{"port":"Hastings","port_code":601.0,"lat":50.855,"long_":0.593},"geometry":{"type":"MultiPoint","coordinates":[[0.592999999850917,50.855000000450559]]}},
{"type":"Feature","properties":{"port":"Hayle","port_code":774.0,"lat":50.182,"long_":-5.416},"geometry":{"type":"MultiPoint","coordinates":[[-5.416000000298993,50.181999999601203]]}},
{"type":"Feature","properties":{"port":"Helford River","port_code":748.0,"lat":50.083,"long_":-5.15},"geometry":{"type":"MultiPoint","coordinates":[[-5.150000000398904,50.083000000050902]]}},
{"type":"Feature","properties":{"port":"Helmsdale","port_code":2005.0,"lat":58.115,"long_":-3.649},"geometry":{"type":"MultiPoint","coordinates":[[-3.648999999549517,58.115000000150815]]}},
{"type":"Feature","properties":{"port":"Herne Bay","port_code":551.0,"lat":51.367,"long_":1.133},"geometry":{"type":"MultiPoint","coordinates":[[1.132999999850938,51.366999999751101]]}},
{"type":"Feature","properties":{"port":"Holm","port_code":2117.0,"lat":58.9,"long_":-2.9},"geometry":{"type":"MultiPoint","coordinates":[[-2.900000000398904,58.900000000200805]]}},
{"type":"Feature","properties":{"port":"Holy Island","port_code":105.0,"lat":55.667,"long_":-1.8},"geometry":{"type":"MultiPoint","coordinates":[[-1.799999999899285,55.667000000150836]]}},
{"type":"Feature","properties":{"port":"Holyhead","port_code":878.0,"lat":53.3,"long_":-4.633},"geometry":{"type":"MultiPoint","coordinates":[[-4.632999999849289,53.299999999701129]]}},
{"type":"Feature","properties":{"port":"Hopeman","port_code":1903.0,"lat":57.7,"long_":-3.417},"geometry":{"type":"MultiPoint","coordinates":[[-3.417000000049143,57.699999999901024]]}},
{"type":"Feature","properties":{"port":"Hornsea","port_code":227.0,"lat":53.9,"long_":-0.167},"geometry":{"type":"MultiPoint","coordinates":[[-0.167000000249004,53.900000000300679]]}},
{"type":"Feature","properties":{"port":"Hoy","port_code":2123.0,"lat":58.8,"long_":-3.2},"geometry":{"type":"MultiPoint","coordinates":[[-3.199999999799331,58.800000000400644]]}},
{"type":"Feature","properties":{"port":"Hoylake","port_code":903.0,"lat":53.383,"long_":-3.183},"geometry":{"type":"MultiPoint","coordinates":[[-3.183000000049162,53.382999999751121]]}},
{"type":"Feature","properties":{"port":"Hull","port_code":201.0,"lat":53.717,"long_":-0.333},"geometry":{"type":"MultiPoint","coordinates":[[-0.333000000348932,53.717000000450582]]}},
{"type":"Feature","properties":{"port":"Hythe","port_code":620.0,"lat":51.067,"long_":1.083},"geometry":{"type":"MultiPoint","coordinates":[[1.082999999950857,51.067000000350674]]}},
{"type":"Feature","properties":{"port":"Ilfracombe","port_code":792.0,"lat":51.21,"long_":-4.113},"geometry":{"type":"MultiPoint","coordinates":[[-4.113000000348904,51.210000000100877]]}},
{"type":"Feature","properties":{"port":"Invergordon","port_code":2000.0,"lat":57.683,"long_":-4.167},"geometry":{"type":"MultiPoint","coordinates":[[-4.167000000348935,57.683000000150798]]}},
{"type":"Feature","properties":{"port":"Inverness","port_code":1909.0,"lat":57.483,"long_":-4.217},"geometry":{"type":"MultiPoint","coordinates":[[-4.217000000249016,57.482999999651213]]}},
{"type":"Feature","properties":{"port":"Islay","port_code":2718.0,"lat":55.8064,"long_":-6.2635},"geometry":{"type":"MultiPoint","coordinates":[[-6.263500000224042,55.806400000260737]]}},
{"type":"Feature","properties":{"port":"Isle Of Wight","port_code":660.0,"lat":51.65,"long_":-4.867},"geometry":{"type":"MultiPoint","coordinates":[[-4.866999999849327,51.650000000300679]]}},
{"type":"Feature","properties":{"port":"Itchenor/East Wittering","port_code":650.0,"lat":50.8,"long_":-0.867},"geometry":{"type":"MultiPoint","coordinates":[[-0.866999999749396,50.800000000200782]]}},
{"type":"Feature","properties":{"port":"John O'Groats","port_code":2025.0,"lat":58.644,"long_":-3.07},"geometry":{"type":"MultiPoint","coordinates":[[-3.069999999699405,58.644000000100846]]}},
{"type":"Feature","properties":{"port":"Johnshaven","port_code":1307.0,"lat":56.794,"long_":-2.337},"geometry":{"type":"MultiPoint","coordinates":[[-2.337000000049159,56.794000000200811]]}},
{"type":"Feature","properties":{"port":"Kallin","port_code":2343.0,"lat":57.467,"long_":-7.2},"geometry":{"type":"MultiPoint","coordinates":[[-7.199999999899262,57.467000000150847]]}},
{"type":"Feature","properties":{"port":"Keiss","port_code":2019.0,"lat":58.532,"long_":-3.117},"geometry":{"type":"MultiPoint","coordinates":[[-3.116999999749396,58.532000000000949]]}},
{"type":"Feature","properties":{"port":"Kilchoan","port_code":2852.0,"lat":56.7282,"long_":-6.14685},"geometry":{"type":"MultiPoint","coordinates":[[-6.146849999726896,56.728200000130812]]}},
{"type":"Feature","properties":{"port":"Kilkeel","port_code":10.0,"lat":54.067,"long_":-6.0},"geometry":{"type":"MultiPoint","coordinates":[[-5.999999999599481,54.066999999751147]]}},
{"type":"Feature","properties":{"port":"Killough","port_code":44.0,"lat":54.25,"long_":-5.633},"geometry":{"type":"MultiPoint","coordinates":[[-5.632999999649428,54.249999999601243]]}},
{"type":"Feature","properties":{"port":"Kimmeridge","port_code":667.0,"lat":50.617,"long_":-2.117},"geometry":{"type":"MultiPoint","coordinates":[[-2.116999999949201,50.617000000350686]]}},
{"type":"Feature","properties":{"port":"Kings Lynn","port_code":326.0,"lat":52.75,"long_":0.383},"geometry":{"type":"MultiPoint","coordinates":[[0.383000000450465,52.749999999900979]]}},
{"type":"Feature","properties":{"port":"Kingsbridge","port_code":719.0,"lat":50.283,"long_":-3.767},"geometry":{"type":"MultiPoint","coordinates":[[-3.767000000249027,50.282999999651167]]}},
{"type":"Feature","properties":{"port":"Kingswear","port_code":722.0,"lat":50.333,"long_":-3.567},"geometry":{"type":"MultiPoint","coordinates":[[-3.566999999749385,50.333000000450568]]}},
{"type":"Feature","properties":{"port":"Kinlochbervie","port_code":2409.0,"lat":58.45,"long_":-5.05},"geometry":{"type":"MultiPoint","coordinates":[[-5.049999999699423,58.450000000200816]]}},
{"type":"Feature","properties":{"port":"Kircubbin","port_code":29.0,"lat":54.483,"long_":-5.533},"geometry":{"type":"MultiPoint","coordinates":[[-5.532999999849324,54.48300000025074]]}},
{"type":"Feature","properties":{"port":"Kirkcaldy","port_code":1123.0,"lat":56.1,"long_":-3.15},"geometry":{"type":"MultiPoint","coordinates":[[-3.149999999899251,56.100000000400655]]}},
{"type":"Feature","properties":{"port":"Kirkcudbright","port_code":2843.0,"lat":54.838,"long_":-4.051},"geometry":{"type":"MultiPoint","coordinates":[[-4.051000000149088,54.837999999901001]]}},
{"type":"Feature","properties":{"port":"Kirkwall","port_code":2113.0,"lat":58.983,"long_":-2.95},"geometry":{"type":"MultiPoint","coordinates":[[-2.950000000298985,58.98300000025074]]}},
{"type":"Feature","properties":{"port":"Kyle","port_code":2507.0,"lat":57.267,"long_":-5.7},"geometry":{"type":"MultiPoint","coordinates":[[-5.700000000199054,57.266999999651205]]}},
{"type":"Feature","properties":{"port":"Kyles Of Bute","port_code":2729.0,"lat":55.867,"long_":-5.217},"geometry":{"type":"MultiPoint","coordinates":[[-5.217000000049154,55.866999999751101]]}},
{"type":"Feature","properties":{"port":"Kylesku","port_code":2700.0,"lat":58.25,"long_":-5.017},"geometry":{"type":"MultiPoint","coordinates":[[-5.016999999549512,58.249999999701174]]}},
{"type":"Feature","properties":{"port":"Langstone Harbour","port_code":649.0,"lat":50.833,"long_":-0.983},"geometry":{"type":"MultiPoint","coordinates":[[-0.982999999949243,50.833000000350637]]}},
{"type":"Feature","properties":{"port":"Largs","port_code":2808.0,"lat":55.7833,"long_":-4.85},"geometry":{"type":"MultiPoint","coordinates":[[-4.850000000099101,55.7832999997961]]}},
{"type":"Feature","properties":{"port":"Latheronwheel","port_code":2009.0,"lat":58.267,"long_":-3.367},"geometry":{"type":"MultiPoint","coordinates":[[-3.367000000149062,58.267000000350663]]}},
{"type":"Feature","properties":{"port":"Le Havre","port_code":3009.0,"lat":49.5,"long_":0.133},"geometry":{"type":"MultiPoint","coordinates":[[0.133000000050799,49.50000000010084]]}},
{"type":"Feature","properties":{"port":"Leigh-On-Sea","port_code":511.0,"lat":51.55,"long_":0.667},"geometry":{"type":"MultiPoint","coordinates":[[0.667000000350583,51.549999999601255]]}},
{"type":"Feature","properties":{"port":"Lerwick","port_code":2205.0,"lat":60.163,"long_":-1.158},"geometry":{"type":"MultiPoint","coordinates":[[-1.157999999599497,60.163000000050886]]}},
{"type":"Feature","properties":{"port":"Levenwick","port_code":2203.0,"lat":59.967,"long_":-1.267},"geometry":{"type":"MultiPoint","coordinates":[[-1.266999999849304,59.966999999651193]]}},
{"type":"Feature","properties":{"port":"Leverburgh","port_code":2335.0,"lat":57.767,"long_":-7.017},"geometry":{"type":"MultiPoint","coordinates":[[-7.017000000049165,57.767000000450594]]}},
{"type":"Feature","properties":{"port":"Little Loch Broom","port_code":2424.0,"lat":57.8978,"long_":-5.38227},"geometry":{"type":"MultiPoint","coordinates":[[-5.382269999759899,57.897799999671179]]}},
{"type":"Feature","properties":{"port":"Littlehampton","port_code":645.0,"lat":50.8,"long_":-0.533},"geometry":{"type":"MultiPoint","coordinates":[[-0.532999999949197,50.800000000200782]]}},
{"type":"Feature","properties":{"port":"Liverpool","port_code":924.0,"lat":53.417,"long_":-3.0},"geometry":{"type":"MultiPoint","coordinates":[[-3.000000000199009,53.417000000150836]]}},
{"type":"Feature","properties":{"port":"Llanelli","port_code":820.0,"lat":51.676,"long_":-4.157},"geometry":{"type":"MultiPoint","coordinates":[[-4.156999999649429,51.675999999601231]]}},
{"type":"Feature","properties":{"port":"Loch Buie (Mull)","port_code":2610.0,"lat":56.34,"long_":-5.865},"geometry":{"type":"MultiPoint","coordinates":[[-5.865000000049179,56.340000000100872]]}},
{"type":"Feature","properties":{"port":"Loch Carnan","port_code":2329.0,"lat":57.367,"long_":-7.267},"geometry":{"type":"MultiPoint","coordinates":[[-7.266999999549512,57.367000000350686]]}},
{"type":"Feature","properties":{"port":"Loch Glendcoul -Culkein","port_code":2413.0,"lat":58.25,"long_":-5.35},"geometry":{"type":"MultiPoint","coordinates":[[-5.34999999999917,58.249999999701174]]}},
{"type":"Feature","properties":{"port":"Lochboisdale","port_code":2331.0,"lat":57.15,"long_":-7.3},"geometry":{"type":"MultiPoint","coordinates":[[-7.299999999699423,57.150000000100874]]}},
{"type":"Feature","properties":{"port":"Lochinver","port_code":2415.0,"lat":58.15,"long_":-5.233},"geometry":{"type":"MultiPoint","coordinates":[[-5.23299999954952,58.149999999901013]]}},
{"type":"Feature","properties":{"port":"Lochmaddy","port_code":2342.0,"lat":57.603,"long_":-7.163},"geometry":{"type":"MultiPoint","coordinates":[[-7.162999999649458,57.602999999950953]]}},
{"type":"Feature","properties":{"port":"Looe","port_code":736.0,"lat":50.35,"long_":-4.45},"geometry":{"type":"MultiPoint","coordinates":[[-4.449999999999193,50.350000000200794]]}},
{"type":"Feature","properties":{"port":"Lossiemouth","port_code":1901.0,"lat":57.717,"long_":-3.267},"geometry":{"type":"MultiPoint","coordinates":[[-3.267000000348901,57.716999999651193]]}},
{"type":"Feature","properties":{"port":"Lowestoft","port_code":401.0,"lat":52.483,"long_":1.75},"geometry":{"type":"MultiPoint","coordinates":[[1.750000000200657,52.482999999751144]]}},
{"type":"Feature","properties":{"port":"Luing","port_code":2609.0,"lat":56.267,"long_":-5.633},"geometry":{"type":"MultiPoint","coordinates":[[-5.632999999649428,56.266999999851066]]}},
{"type":"Feature","properties":{"port":"Lulworth Cove","port_code":668.0,"lat":50.619,"long_":-2.25},"geometry":{"type":"MultiPoint","coordinates":[[-2.249999999899273,50.618999999950972]]}},
{"type":"Feature","properties":{"port":"Lybster","port_code":2011.0,"lat":58.283,"long_":-3.3},"geometry":{"type":"MultiPoint","coordinates":[[-3.299999999599493,58.282999999851029]]}},
{"type":"Feature","properties":{"port":"Lyme Regis","port_code":690.0,"lat":50.733,"long_":-2.933},"geometry":{"type":"MultiPoint","coordinates":[[-2.932999999649439,50.732999999651213]]}},
{"type":"Feature","properties":{"port":"Lymington and Keyhaven","port_code":661.0,"lat":50.75,"long_":-1.55},"geometry":{"type":"MultiPoint","coordinates":[[-1.550000000398882,50.750000000300702]]}},
{"type":"Feature","properties":{"port":"Lytham St Annes","port_code":934.0,"lat":53.733,"long_":-2.967},"geometry":{"type":"MultiPoint","coordinates":[[-2.967000000049154,53.732999999950948]]}},
{"type":"Feature","properties":{"port":"Macduff","port_code":1703.0,"lat":57.667,"long_":-2.483},"geometry":{"type":"MultiPoint","coordinates":[[-2.482999999649451,57.666999999751113]]}},
{"type":"Feature","properties":{"port":"Machrihanish","port_code":2732.0,"lat":55.417,"long_":-5.717},"geometry":{"type":"MultiPoint","coordinates":[[-5.716999999949223,55.416999999751113]]}},
{"type":"Feature","properties":{"port":"Maidens","port_code":2825.0,"lat":55.335,"long_":-4.824},"geometry":{"type":"MultiPoint","coordinates":[[-4.823999999899286,55.334999999950981]]}},
{"type":"Feature","properties":{"port":"Maldon","port_code":481.0,"lat":51.717,"long_":0.683},"geometry":{"type":"MultiPoint","coordinates":[[0.682999999850949,51.716999999950986]]}},
{"type":"Feature","properties":{"port":"Mallaig","port_code":2523.0,"lat":57.0,"long_":-5.817},"geometry":{"type":"MultiPoint","coordinates":[[-5.816999999749385,57.000000000400632]]}},
{"type":"Feature","properties":{"port":"Maryport","port_code":985.0,"lat":54.7,"long_":-3.5},"geometry":{"type":"MultiPoint","coordinates":[[-3.500000000099135,54.699999999601232]]}},
{"type":"Feature","properties":{"port":"Methil and Leven","port_code":1201.0,"lat":56.186,"long_":-3.006},"geometry":{"type":"MultiPoint","coordinates":[[-3.005999999899245,56.18600000030068]]}},
{"type":"Feature","properties":{"port":"Mevagissey","port_code":742.0,"lat":50.267,"long_":-4.783},"geometry":{"type":"MultiPoint","coordinates":[[-4.782999999549531,50.267000000150801]]}},
{"type":"Feature","properties":{"port":"Mid Yell","port_code":2224.0,"lat":60.6,"long_":-1.05},"geometry":{"type":"MultiPoint","coordinates":[[-1.049999999599493,60.600000000400655]]}},
{"type":"Feature","properties":{"port":"Milford Haven","port_code":801.0,"lat":51.717,"long_":-5.033},"geometry":{"type":"MultiPoint","coordinates":[[-5.032999999949254,51.716999999950986]]}},
{"type":"Feature","properties":{"port":"Millbrook","port_code":700.0,"lat":50.367,"long_":-4.183},"geometry":{"type":"MultiPoint","coordinates":[[-4.182999999849301,50.366999999950963]]}},
{"type":"Feature","properties":{"port":"Montrose","port_code":1305.0,"lat":56.7,"long_":-2.467},"geometry":{"type":"MultiPoint","coordinates":[[-2.467000000149085,56.700000000100886]]}},
{"type":"Feature","properties":{"port":"Morecambe","port_code":949.0,"lat":54.074,"long_":-2.865},"geometry":{"type":"MultiPoint","coordinates":[[-2.864999999749386,54.07399999970113]]}},
{"type":"Feature","properties":{"port":"Morfa Nefyn","port_code":883.0,"lat":52.933,"long_":-4.533},"geometry":{"type":"MultiPoint","coordinates":[[-4.533000000049128,52.932999999751132]]}},
{"type":"Feature","properties":{"port":"Mostyn","port_code":897.0,"lat":53.325,"long_":-3.262},"geometry":{"type":"MultiPoint","coordinates":[[-3.261999999999205,53.324999999651197]]}},
{"type":"Feature","properties":{"port":"Mousehole","port_code":761.0,"lat":50.08,"long_":-5.55},"geometry":{"type":"MultiPoint","coordinates":[[-5.549999999599493,50.080000000200755]]}},
{"type":"Feature","properties":{"port":"Mullion","port_code":758.0,"lat":50.015,"long_":-5.257},"geometry":{"type":"MultiPoint","coordinates":[[-5.257000000149105,50.015000000150792]]}},
{"type":"Feature","properties":{"port":"Mylor","port_code":752.0,"lat":50.167,"long_":-5.05},"geometry":{"type":"MultiPoint","coordinates":[[-5.049999999699423,50.16700000035064]]}},
{"type":"Feature","properties":{"port":"Nairn","port_code":1907.0,"lat":57.583,"long_":-3.867},"geometry":{"type":"MultiPoint","coordinates":[[-3.867000000049131,57.583000000350694]]}},
{"type":"Feature","properties":{"port":"New Quay","port_code":843.0,"lat":52.215,"long_":-4.358},"geometry":{"type":"MultiPoint","coordinates":[[-4.358000000398874,52.215000000250711]]}},
{"type":"Feature","properties":{"port":"Newcastle (Co. Down)","port_code":12.0,"lat":54.217,"long_":-5.9},"geometry":{"type":"MultiPoint","coordinates":[[-5.89999999979932,54.217000000350652]]}},
{"type":"Feature","properties":{"port":"Newhaven","port_code":635.0,"lat":50.789,"long_":0.057},"geometry":{"type":"MultiPoint","coordinates":[[0.056999999950847,50.789000000150793]]}},
{"type":"Feature","properties":{"port":"Newhaven (Scotland)","port_code":1113.0,"lat":55.983,"long_":-3.217},"geometry":{"type":"MultiPoint","coordinates":[[-3.2169999995495,55.982999999950948]]}},
{"type":"Feature","properties":{"port":"Newlyn","port_code":702.0,"lat":50.101,"long_":-5.554},"geometry":{"type":"MultiPoint","coordinates":[[-5.553999999699442,50.101000000050874]]}},
{"type":"Feature","properties":{"port":"Newport (Monmouthshire)","port_code":804.0,"lat":51.583,"long_":-2.983},"geometry":{"type":"MultiPoint","coordinates":[[-2.98299999954952,51.582999999751109]]}},
{"type":"Feature","properties":{"port":"Newquay","port_code":778.0,"lat":50.417,"long_":-5.083},"geometry":{"type":"MultiPoint","coordinates":[[-5.082999999849278,50.416999999851043]]}},
{"type":"Feature","properties":{"port":"Newton By The Sea","port_code":110.0,"lat":55.5,"long_":-1.667},"geometry":{"type":"MultiPoint","coordinates":[[-1.666999999949212,55.499999999801105]]}},
{"type":"Feature","properties":{"port":"Neyland","port_code":808.0,"lat":51.7,"long_":-4.933},"geometry":{"type":"MultiPoint","coordinates":[[-4.933000000149093,51.70000000020076]]}},
{"type":"Feature","properties":{"port":"North Berwick","port_code":1105.0,"lat":56.05,"long_":-2.717},"geometry":{"type":"MultiPoint","coordinates":[[-2.716999999649431,56.049999999601255]]}},
{"type":"Feature","properties":{"port":"North Harris","port_code":2317.0,"lat":57.883,"long_":-6.867},"geometry":{"type":"MultiPoint","coordinates":[[-6.867000000348924,57.882999999751121]]}},
{"type":"Feature","properties":{"port":"North Lochs","port_code":1414.0,"lat":58.1,"long_":-6.483},"geometry":{"type":"MultiPoint","coordinates":[[-6.482999999749381,58.100000000000932]]}},
{"type":"Feature","properties":{"port":"North Queensferry","port_code":1217.0,"lat":56.009,"long_":-3.392},"geometry":{"type":"MultiPoint","coordinates":[[-3.392000000099131,56.00900000015082]]}},
{"type":"Feature","properties":{"port":"North Roe to Hillswick","port_code":2213.0,"lat":60.583,"long_":-1.333},"geometry":{"type":"MultiPoint","coordinates":[[-1.33300000014907,60.582999999751109]]}},
{"type":"Feature","properties":{"port":"North Shields","port_code":101.0,"lat":55.005,"long_":-1.473},"geometry":{"type":"MultiPoint","coordinates":[[-1.473000000049126,55.005000000250732]]}},
{"type":"Feature","properties":{"port":"North Uist","port_code":2326.0,"lat":57.6,"long_":-7.15},"geometry":{"type":"MultiPoint","coordinates":[[-7.149999999999181,57.600000000100863]]}},
{"type":"Feature","properties":{"port":"Northbay","port_code":2339.0,"lat":57.0,"long_":-7.4},"geometry":{"type":"MultiPoint","coordinates":[[-7.400000000398904,57.000000000400632]]}},
{"type":"Feature","properties":{"port":"Northmavine","port_code":2206.0,"lat":60.524,"long_":-1.377},"geometry":{"type":"MultiPoint","coordinates":[[-1.377000000348914,60.524000000300703]]}},
{"type":"Feature","properties":{"port":"Oban","port_code":2607.0,"lat":56.4,"long_":-5.467},"geometry":{"type":"MultiPoint","coordinates":[[-5.466999999549557,56.399999999801082]]}},
{"type":"Feature","properties":{"port":"Oostende","port_code":4001.0,"lat":51.217,"long_":2.917},"geometry":{"type":"MultiPoint","coordinates":[[2.917000000350583,51.217000000050859]]}},
{"type":"Feature","properties":{"port":"Padstow","port_code":781.0,"lat":50.533,"long_":-4.933},"geometry":{"type":"MultiPoint","coordinates":[[-4.933000000149093,50.53300000005089]]}},
{"type":"Feature","properties":{"port":"Paignton","port_code":716.0,"lat":50.433,"long_":-3.567},"geometry":{"type":"MultiPoint","coordinates":[[-3.566999999749385,50.433000000250729]]}},
{"type":"Feature","properties":{"port":"Par","port_code":737.0,"lat":50.35,"long_":-4.71667},"geometry":{"type":"MultiPoint","coordinates":[[-4.716670000219551,50.350000000200794]]}},
{"type":"Feature","properties":{"port":"Peel","port_code":60.0,"lat":54.2272,"long_":-4.69611},"geometry":{"type":"MultiPoint","coordinates":[[-4.696109999975704,54.227200000380662]]}},
{"type":"Feature","properties":{"port":"Penberth","port_code":763.0,"lat":50.05,"long_":-5.6},"geometry":{"type":"MultiPoint","coordinates":[[-5.600000000398893,50.04999999990099]]}},
{"type":"Feature","properties":{"port":"Penrhyn","port_code":889.0,"lat":53.233,"long_":-4.083},"geometry":{"type":"MultiPoint","coordinates":[[-4.08300000004914,53.233000000050879]]}},
{"type":"Feature","properties":{"port":"Penzance","port_code":760.0,"lat":50.114,"long_":-5.548},"geometry":{"type":"MultiPoint","coordinates":[[-5.547999999999206,50.11399999970115]]}},
{"type":"Feature","properties":{"port":"Peterhead","port_code":1509.0,"lat":57.502,"long_":-1.778},"geometry":{"type":"MultiPoint","coordinates":[[-1.777999999799363,57.501999999900988]]}},
{"type":"Feature","properties":{"port":"Pettycur","port_code":1221.0,"lat":56.067,"long_":-3.167},"geometry":{"type":"MultiPoint","coordinates":[[-3.166999999649477,56.067000000250744]]}},
{"type":"Feature","properties":{"port":"Pittenweem","port_code":1205.0,"lat":56.217,"long_":-2.733},"geometry":{"type":"MultiPoint","coordinates":[[-2.733000000049174,56.216999999950986]]}},
{"type":"Feature","properties":{"port":"Plymouth","port_code":701.0,"lat":50.364,"long_":-4.134},"geometry":{"type":"MultiPoint","coordinates":[[-4.134000000199023,50.364000000100873]]}},
{"type":"Feature","properties":{"port":"Polperro","port_code":738.0,"lat":50.333,"long_":-4.533},"geometry":{"type":"MultiPoint","coordinates":[[-4.533000000049128,50.333000000450568]]}},
{"type":"Feature","properties":{"port":"Polruan","port_code":739.0,"lat":50.33,"long_":-4.635},"geometry":{"type":"MultiPoint","coordinates":[[-4.635000000348953,50.329999999701158]]}},
{"type":"Feature","properties":{"port":"Poole","port_code":602.0,"lat":50.717,"long_":-2.0},"geometry":{"type":"MultiPoint","coordinates":[[-2.00000000039887,50.71700000015079]]}},
{"type":"Feature","properties":{"port":"Poolewe - Cove","port_code":2421.0,"lat":57.75,"long_":-5.6},"geometry":{"type":"MultiPoint","coordinates":[[-5.600000000398893,57.749999999801105]]}},
{"type":"Feature","properties":{"port":"Port Appin","port_code":2635.0,"lat":56.55,"long_":-5.4},"geometry":{"type":"MultiPoint","coordinates":[[-5.399999999899251,56.550000000400644]]}},
{"type":"Feature","properties":{"port":"Port Ellen","port_code":2705.0,"lat":55.617,"long_":-6.183},"geometry":{"type":"MultiPoint","coordinates":[[-6.183000000348954,55.617000000250755]]}},
{"type":"Feature","properties":{"port":"Port Erroll","port_code":1505.0,"lat":57.4,"long_":-1.833},"geometry":{"type":"MultiPoint","coordinates":[[-1.83300000004914,57.399999999601221]]}},
{"type":"Feature","properties":{"port":"Port Isaac","port_code":784.0,"lat":50.583,"long_":-4.817},"geometry":{"type":"MultiPoint","coordinates":[[-4.816999999949246,50.582999999950971]]}},
{"type":"Feature","properties":{"port":"Port Seton","port_code":1107.0,"lat":55.967,"long_":-2.933},"geometry":{"type":"MultiPoint","coordinates":[[-2.932999999649439,55.967000000450582]]}},
{"type":"Feature","properties":{"port":"Port St Mary","port_code":65.0,"lat":54.0714,"long_":-4.73195},"geometry":{"type":"MultiPoint","coordinates":[[-4.731949999791823,54.071400000310689]]}},
{"type":"Feature","properties":{"port":"Port William","port_code":2837.0,"lat":54.76,"long_":-4.584},"geometry":{"type":"MultiPoint","coordinates":[[-4.584000000199012,54.760000000200762]]}},
{"type":"Feature","properties":{"port":"Portaferry","port_code":36.0,"lat":54.383,"long_":-5.55},"geometry":{"type":"MultiPoint","coordinates":[[-5.549999999599493,54.383000000450579]]}},
{"type":"Feature","properties":{"port":"Portaskaig","port_code":2707.0,"lat":55.833,"long_":-6.1},"geometry":{"type":"MultiPoint","coordinates":[[-6.100000000298962,55.833000000250763]]}},
{"type":"Feature","properties":{"port":"Portavogie","port_code":30.0,"lat":54.45,"long_":-5.45},"geometry":{"type":"MultiPoint","coordinates":[[-5.449999999799331,54.450000000100829]]}},
{"type":"Feature","properties":{"port":"Porth Colmon","port_code":873.0,"lat":52.87,"long_":-4.68},"geometry":{"type":"MultiPoint","coordinates":[[-4.67999999989928,52.870000000200776]]}},
{"type":"Feature","properties":{"port":"Porthcawl","port_code":807.0,"lat":51.483,"long_":-3.7},"geometry":{"type":"MultiPoint","coordinates":[[-3.699999999699401,51.482999999950948]]}},
{"type":"Feature","properties":{"port":"Porthgain","port_code":838.0,"lat":51.949,"long_":-5.183},"geometry":{"type":"MultiPoint","coordinates":[[-5.182999999649439,51.949000000350679]]}},
{"type":"Feature","properties":{"port":"Porthleven","port_code":759.0,"lat":50.083,"long_":-5.317},"geometry":{"type":"MultiPoint","coordinates":[[-5.316999999849315,50.083000000050902]]}},
{"type":"Feature","properties":{"port":"Porthoustock","port_code":751.0,"lat":50.05,"long_":-5.067},"geometry":{"type":"MultiPoint","coordinates":[[-5.067000000348912,50.04999999990099]]}},
{"type":"Feature","properties":{"port":"Portincaple","port_code":2744.0,"lat":56.1,"long_":-4.85},"geometry":{"type":"MultiPoint","coordinates":[[-4.850000000099101,56.100000000400655]]}},
{"type":"Feature","properties":{"port":"Portknockie","port_code":1801.0,"lat":57.7,"long_":-2.85},"geometry":{"type":"MultiPoint","coordinates":[[-2.849999999599504,57.699999999901024]]}},
{"type":"Feature","properties":{"port":"Portland","port_code":670.0,"lat":50.6,"long_":-2.45},"geometry":{"type":"MultiPoint","coordinates":[[-2.450000000398859,50.59999999970114]]}},
{"type":"Feature","properties":{"port":"Portloe","port_code":744.0,"lat":50.217,"long_":-4.9},"geometry":{"type":"MultiPoint","coordinates":[[-4.899999999999181,50.217000000250721]]}},
{"type":"Feature","properties":{"port":"Portmahomack","port_code":1915.0,"lat":57.833,"long_":-3.817},"geometry":{"type":"MultiPoint","coordinates":[[-3.817000000149051,57.83299999985104]]}},
{"type":"Feature","properties":{"port":"Portnaguran and Ness","port_code":2309.0,"lat":58.257,"long_":-6.163},"geometry":{"type":"MultiPoint","coordinates":[[-6.162999999849319,58.256999999651214]]}},
{"type":"Feature","properties":{"port":"Portnahaven","port_code":2728.0,"lat":55.667,"long_":-6.5},"geometry":{"type":"MultiPoint","coordinates":[[-6.50000000039887,55.667000000150836]]}},
{"type":"Feature","properties":{"port":"Portnalong","port_code":2850.0,"lat":57.2,"long_":-6.25},"geometry":{"type":"MultiPoint","coordinates":[[-6.249999999999204,57.200000000000955]]}},
{"type":"Feature","properties":{"port":"Portpatrick","port_code":2833.0,"lat":54.841,"long_":-5.119},"geometry":{"type":"MultiPoint","coordinates":[[-5.118999999849279,54.840999999751148]]}},
{"type":"Feature","properties":{"port":"Portreath","port_code":775.0,"lat":50.267,"long_":-5.3},"geometry":{"type":"MultiPoint","coordinates":[[-5.300000000099089,50.267000000150801]]}},
{"type":"Feature","properties":{"port":"Portree","port_code":2513.0,"lat":57.4,"long_":-6.183},"geometry":{"type":"MultiPoint","coordinates":[[-6.183000000348954,57.399999999601221]]}},
{"type":"Feature","properties":{"port":"Portrush","port_code":51.0,"lat":55.206,"long_":-6.658},"geometry":{"type":"MultiPoint","coordinates":[[-6.658000000298955,55.206000000100858]]}},
{"type":"Feature","properties":{"port":"Portscatho","port_code":754.0,"lat":50.183,"long_":-4.983},"geometry":{"type":"MultiPoint","coordinates":[[-4.983000000049174,50.182999999851063]]}},
{"type":"Feature","properties":{"port":"Portsmouth","port_code":654.0,"lat":50.797,"long_":-1.108},"geometry":{"type":"MultiPoint","coordinates":[[-1.107999999699416,50.797000000350636]]}},
{"type":"Feature","properties":{"port":"Portsoy","port_code":1707.0,"lat":57.683,"long_":-2.683},"geometry":{"type":"MultiPoint","coordinates":[[-2.683000000149093,57.683000000150798]]}},
{"type":"Feature","properties":{"port":"Portstewart","port_code":25.0,"lat":55.183,"long_":-6.717},"geometry":{"type":"MultiPoint","coordinates":[[-6.716999999749362,55.182999999751132]]}},
{"type":"Feature","properties":{"port":"Pwllheli","port_code":868.0,"lat":52.883,"long_":-4.417},"geometry":{"type":"MultiPoint","coordinates":[[-4.416999999849281,52.882999999851052]]}},
{"type":"Feature","properties":{"port":"Queenborough","port_code":549.0,"lat":51.417,"long_":0.767},"geometry":{"type":"MultiPoint","coordinates":[[0.767000000150688,51.416999999651182]]}},
{"type":"Feature","properties":{"port":"Ramsey","port_code":80.0,"lat":54.321,"long_":-4.384},"geometry":{"type":"MultiPoint","coordinates":[[-4.383999999699427,54.321000000250763]]}},
{"type":"Feature","properties":{"port":"Ramsgate","port_code":610.0,"lat":51.329,"long_":1.419},"geometry":{"type":"MultiPoint","coordinates":[[1.419000000250662,51.329000000150813]]}},
{"type":"Feature","properties":{"port":"Rathlin Island","port_code":57.0,"lat":55.283,"long_":-6.183},"geometry":{"type":"MultiPoint","coordinates":[[-6.183000000348954,55.283000000450613]]}},
{"type":"Feature","properties":{"port":"Red Bay","port_code":26.0,"lat":55.0662,"long_":-6.05241},"geometry":{"type":"MultiPoint","coordinates":[[-6.0524100000207,55.066200000430626]]}},
{"type":"Feature","properties":{"port":"Redcar","port_code":202.0,"lat":54.608,"long_":-1.059},"geometry":{"type":"MultiPoint","coordinates":[[-1.059000000049139,54.608000000000914]]}},
{"type":"Feature","properties":{"port":"Rhosneigr","port_code":874.0,"lat":53.2333,"long_":-4.525},"geometry":{"type":"MultiPoint","coordinates":[[-4.524999999849285,53.233300000395616]]}},
{"type":"Feature","properties":{"port":"Rhyl","port_code":898.0,"lat":53.317,"long_":-3.5},"geometry":{"type":"MultiPoint","coordinates":[[-3.500000000099135,53.317000000350674]]}},
{"type":"Feature","properties":{"port":"River Dart","port_code":721.0,"lat":50.333,"long_":-3.55},"geometry":{"type":"MultiPoint","coordinates":[[-3.549999999999216,50.333000000450568]]}},
{"type":"Feature","properties":{"port":"River Fal - Falmouth","port_code":746.0,"lat":50.148,"long_":-5.076},"geometry":{"type":"MultiPoint","coordinates":[[-5.075999999899238,50.148000000100865]]}},
{"type":"Feature","properties":{"port":"River Fowey","port_code":740.0,"lat":50.341,"long_":-4.633},"geometry":{"type":"MultiPoint","coordinates":[[-4.632999999849289,50.340999999751091]]}},
{"type":"Feature","properties":{"port":"Rosehearty","port_code":1611.0,"lat":57.683,"long_":-2.117},"geometry":{"type":"MultiPoint","coordinates":[[-2.116999999949201,57.683000000150798]]}},
{"type":"Feature","properties":{"port":"Rothesay","port_code":2814.0,"lat":55.833,"long_":-5.033},"geometry":{"type":"MultiPoint","coordinates":[[-5.032999999949254,55.833000000250763]]}},
{"type":"Feature","properties":{"port":"Rousay to Shapinsay","port_code":2109.0,"lat":59.033,"long_":-2.783},"geometry":{"type":"MultiPoint","coordinates":[[-2.782999999949197,59.033000000150821]]}},
{"type":"Feature","properties":{"port":"Rye","port_code":626.0,"lat":50.95,"long_":0.733},"geometry":{"type":"MultiPoint","coordinates":[[0.73299999975103,50.949999999901024]]}},
{"type":"Feature","properties":{"port":"Salcombe","port_code":725.0,"lat":50.233,"long_":-3.783},"geometry":{"type":"MultiPoint","coordinates":[[-3.782999999749393,50.232999999751087]]}},
{"type":"Feature","properties":{"port":"Salen","port_code":2621.0,"lat":56.717,"long_":-5.777},"geometry":{"type":"MultiPoint","coordinates":[[-5.776999999649433,56.716999999851055]]}},
{"type":"Feature","properties":{"port":"Sanday","port_code":2101.0,"lat":59.233,"long_":-2.6},"geometry":{"type":"MultiPoint","coordinates":[[-2.600000000099101,59.232999999751144]]}},
{"type":"Feature","properties":{"port":"Sandhaven and Pitullie","port_code":1609.0,"lat":57.683,"long_":-2.033},"geometry":{"type":"MultiPoint","coordinates":[[-2.032999999649462,57.683000000150798]]}},
{"type":"Feature","properties":{"port":"Sandwick","port_code":2219.0,"lat":59.996,"long_":-1.223},"geometry":{"type":"MultiPoint","coordinates":[[-1.22299999964946,59.995999999701155]]}},
{"type":"Feature","properties":{"port":"Saundersfoot","port_code":812.0,"lat":51.709,"long_":-4.7},"geometry":{"type":"MultiPoint","coordinates":[[-4.700000000398916,51.708999999751086]]}},
{"type":"Feature","properties":{"port":"Scalloway and Isles","port_code":2217.0,"lat":60.133,"long_":-1.3},"geometry":{"type":"MultiPoint","coordinates":[[-1.299999999999159,60.132999999751121]]}},
{"type":"Feature","properties":{"port":"Scalpay","port_code":2319.0,"lat":57.867,"long_":-6.7},"geometry":{"type":"MultiPoint","coordinates":[[-6.699999999999193,57.867000000250755]]}},
{"type":"Feature","properties":{"port":"Scarborough","port_code":217.0,"lat":54.287,"long_":-0.414},"geometry":{"type":"MultiPoint","coordinates":[[-0.413999999899261,54.286999999851048]]}},
{"type":"Feature","properties":{"port":"Scarfskerry","port_code":2027.0,"lat":58.65,"long_":-3.267},"geometry":{"type":"MultiPoint","coordinates":[[-3.267000000348901,58.649999999801082]]}},
{"type":"Feature","properties":{"port":"Scilly Isles","port_code":767.0,"lat":49.917,"long_":-6.333},"geometry":{"type":"MultiPoint","coordinates":[[-6.33300000004914,49.916999999950974]]}},
{"type":"Feature","properties":{"port":"Scourie","port_code":2410.0,"lat":58.3531,"long_":-5.15226},"geometry":{"type":"MultiPoint","coordinates":[[-5.152260000297986,58.353100000365657]]}},
{"type":"Feature","properties":{"port":"Scrabster","port_code":2035.0,"lat":58.6,"long_":-3.533},"geometry":{"type":"MultiPoint","coordinates":[[-3.53300000024899,58.599999999901002]]}},
{"type":"Feature","properties":{"port":"Seaham","port_code":125.0,"lat":54.837,"long_":-1.338},"geometry":{"type":"MultiPoint","coordinates":[[-1.337999999599504,54.836999999651198]]}},
{"type":"Feature","properties":{"port":"Seahouses","port_code":108.0,"lat":55.583,"long_":-1.667},"geometry":{"type":"MultiPoint","coordinates":[[-1.666999999949212,55.58299999985104]]}},
{"type":"Feature","properties":{"port":"Selsey","port_code":647.0,"lat":50.733,"long_":-0.8},"geometry":{"type":"MultiPoint","coordinates":[[-0.800000000099089,50.732999999651213]]}},
{"type":"Feature","properties":{"port":"Sennen","port_code":769.0,"lat":50.067,"long_":-5.7},"geometry":{"type":"MultiPoint","coordinates":[[-5.700000000199054,50.066999999651159]]}},
{"type":"Feature","properties":{"port":"Sheerness","port_code":531.0,"lat":51.433,"long_":0.767},"geometry":{"type":"MultiPoint","coordinates":[[0.767000000150688,51.433000000050868]]}},
{"type":"Feature","properties":{"port":"Sheringham","port_code":416.0,"lat":52.933,"long_":1.2},"geometry":{"type":"MultiPoint","coordinates":[[1.200000000400507,52.932999999751132]]}},
{"type":"Feature","properties":{"port":"Shieldaig","port_code":2854.0,"lat":57.6483,"long_":-6.2677},"geometry":{"type":"MultiPoint","coordinates":[[-6.26769999965444,57.648299999846074]]}},
{"type":"Feature","properties":{"port":"Shoreham-by-Sea","port_code":639.0,"lat":50.833,"long_":-0.2667},"geometry":{"type":"MultiPoint","coordinates":[[-0.266699999704429,50.833000000350637]]}},
{"type":"Feature","properties":{"port":"Sidmouth","port_code":692.0,"lat":50.683,"long_":-3.25},"geometry":{"type":"MultiPoint","coordinates":[[-3.249999999699412,50.682999999751132]]}},
{"type":"Feature","properties":{"port":"Silloth","port_code":987.0,"lat":54.868,"long_":-3.395},"geometry":{"type":"MultiPoint","coordinates":[[-3.394999999949221,54.868000000200766]]}},
{"type":"Feature","properties":{"port":"Sizewell Beach","port_code":454.0,"lat":52.2,"long_":1.617},"geometry":{"type":"MultiPoint","coordinates":[[1.617000000250641,52.200000000100829]]}},
{"type":"Feature","properties":{"port":"Skegness","port_code":320.0,"lat":53.15,"long_":0.333333},"geometry":{"type":"MultiPoint","coordinates":[[0.333332999719005,53.150000000000944]]}},
{"type":"Feature","properties":{"port":"Skerray","port_code":2403.0,"lat":58.533,"long_":-4.3},"geometry":{"type":"MultiPoint","coordinates":[[-4.300000000298951,58.533000000250752]]}},
{"type":"Feature","properties":{"port":"Skerries(Ireland)","port_code":9303.0,"lat":53.574,"long_":-6.092},"geometry":{"type":"MultiPoint","coordinates":[[-6.092000000099119,53.57399999980106]]}},
{"type":"Feature","properties":{"port":"Sleat","port_code":2509.0,"lat":57.098,"long_":-5.865},"geometry":{"type":"MultiPoint","coordinates":[[-5.865000000049179,57.097999999701187]]}},
{"type":"Feature","properties":{"port":"Solva","port_code":836.0,"lat":51.874,"long_":-5.19},"geometry":{"type":"MultiPoint","coordinates":[[-5.189999999599479,51.87399999960121]]}},
{"type":"Feature","properties":{"port":"South Harris","port_code":2321.0,"lat":58.017,"long_":-6.35},"geometry":{"type":"MultiPoint","coordinates":[[-6.349999999799365,58.016999999950997]]}},
{"type":"Feature","properties":{"port":"South Lochs","port_code":1415.0,"lat":58.1,"long_":-6.483},"geometry":{"type":"MultiPoint","coordinates":[[-6.482999999749381,58.100000000000932]]}},
{"type":"Feature","properties":{"port":"South Ronaldsay","port_code":2127.0,"lat":58.733,"long_":-2.967},"geometry":{"type":"MultiPoint","coordinates":[[-2.967000000049154,58.732999999851074]]}},
{"type":"Feature","properties":{"port":"South Shields","port_code":119.0,"lat":54.988,"long_":-1.421},"geometry":{"type":"MultiPoint","coordinates":[[-1.420999999649439,54.987999999601243]]}},
{"type":"Feature","properties":{"port":"South Uist and Eriskay","port_code":2330.0,"lat":57.07,"long_":-7.27877},"geometry":{"type":"MultiPoint","coordinates":[[-7.278770000034683,57.069999999901029]]}},
{"type":"Feature","properties":{"port":"Southampton","port_code":655.0,"lat":50.9,"long_":-1.4},"geometry":{"type":"MultiPoint","coordinates":[[-1.39999999979932,50.900000000000944]]}},
{"type":"Feature","properties":{"port":"Southend-On-Sea","port_code":506.0,"lat":51.533,"long_":0.7},"geometry":{"type":"MultiPoint","coordinates":[[0.699999999601118,51.532999999851029]]}},
{"type":"Feature","properties":{"port":"Southwold","port_code":451.0,"lat":52.333,"long_":1.683},"geometry":{"type":"MultiPoint","coordinates":[[1.682999999651088,52.333000000050902]]}},
{"type":"Feature","properties":{"port":"St Abbs","port_code":1005.0,"lat":55.883,"long_":-2.117},"geometry":{"type":"MultiPoint","coordinates":[[-2.116999999949201,55.883000000150844]]}},
{"type":"Feature","properties":{"port":"St Agnes","port_code":707.0,"lat":49.883,"long_":-6.333},"geometry":{"type":"MultiPoint","coordinates":[[-6.33300000004914,49.883000000450579]]}},
{"type":"Feature","properties":{"port":"St Andrews","port_code":1211.0,"lat":56.333,"long_":-2.767},"geometry":{"type":"MultiPoint","coordinates":[[-2.766999999549512,56.333000000150832]]}},
{"type":"Feature","properties":{"port":"St Ives","port_code":772.0,"lat":50.209,"long_":-5.488},"geometry":{"type":"MultiPoint","coordinates":[[-5.488000000298939,50.209000000050878]]}},
{"type":"Feature","properties":{"port":"St Mawes","port_code":745.0,"lat":50.15,"long_":-5.017},"geometry":{"type":"MultiPoint","coordinates":[[-5.016999999549512,50.149999999701151]]}},
{"type":"Feature","properties":{"port":"St Monance","port_code":1203.0,"lat":56.205,"long_":-2.765},"geometry":{"type":"MultiPoint","coordinates":[[-2.764999999949225,56.204999999651193]]}},
{"type":"Feature","properties":{"port":"Stackpole Quay","port_code":813.0,"lat":51.617,"long_":-4.9},"geometry":{"type":"MultiPoint","coordinates":[[-4.899999999999181,51.617000000150824]]}},
{"type":"Feature","properties":{"port":"Staithes","port_code":208.0,"lat":54.55,"long_":-0.8},"geometry":{"type":"MultiPoint","coordinates":[[-0.800000000099089,54.54999999990099]]}},
{"type":"Feature","properties":{"port":"Stockinish","port_code":2337.0,"lat":57.823,"long_":-6.839},"geometry":{"type":"MultiPoint","coordinates":[[-6.838999999649445,57.823000000050911]]}},
{"type":"Feature","properties":{"port":"Stonehaven","port_code":1403.0,"lat":56.967,"long_":-2.2},"geometry":{"type":"MultiPoint","coordinates":[[-2.199999999999193,56.967000000250721]]}},
{"type":"Feature","properties":{"port":"Stornoway","port_code":2305.0,"lat":58.2,"long_":-6.383},"geometry":{"type":"MultiPoint","coordinates":[[-6.38299999994922,58.199999999801094]]}},
{"type":"Feature","properties":{"port":"Strangford","port_code":41.0,"lat":54.367,"long_":-5.567},"geometry":{"type":"MultiPoint","coordinates":[[-5.567000000248981,54.367000000050894]]}},
{"type":"Feature","properties":{"port":"Stranraer","port_code":2831.0,"lat":54.904,"long_":-5.024},"geometry":{"type":"MultiPoint","coordinates":[[-5.024000000398871,54.904000000200767]]}},
{"type":"Feature","properties":{"port":"Strathaird","port_code":2521.0,"lat":57.167,"long_":-6.05},"geometry":{"type":"MultiPoint","coordinates":[[-6.050000000398882,57.166999999851043]]}},
{"type":"Feature","properties":{"port":"Stromness","port_code":2121.0,"lat":58.964,"long_":-3.297},"geometry":{"type":"MultiPoint","coordinates":[[-3.296999999749403,58.964000000000965]]}},
{"type":"Feature","properties":{"port":"Stronsay","port_code":2107.0,"lat":59.15,"long_":-2.6},"geometry":{"type":"MultiPoint","coordinates":[[-2.600000000099101,59.149999999701151]]}},
{"type":"Feature","properties":{"port":"Sullom","port_code":2235.0,"lat":60.45,"long_":-1.2},"geometry":{"type":"MultiPoint","coordinates":[[-1.200000000199054,60.449999999801094]]}},
{"type":"Feature","properties":{"port":"Sullom / Toft","port_code":2225.0,"lat":60.45,"long_":-1.2},"geometry":{"type":"MultiPoint","coordinates":[[-1.200000000199054,60.449999999801094]]}},
{"type":"Feature","properties":{"port":"Sunderland","port_code":120.0,"lat":54.912,"long_":-1.383},"geometry":{"type":"MultiPoint","coordinates":[[-1.383000000049151,54.91200000040061]]}},
{"type":"Feature","properties":{"port":"Swanage","port_code":663.0,"lat":50.617,"long_":-1.967},"geometry":{"type":"MultiPoint","coordinates":[[-1.967000000249016,50.617000000350686]]}},
{"type":"Feature","properties":{"port":"Swansea","port_code":805.0,"lat":51.617,"long_":-3.933},"geometry":{"type":"MultiPoint","coordinates":[[-3.933000000348898,51.617000000150824]]}},
{"type":"Feature","properties":{"port":"Symbister","port_code":2220.0,"lat":60.317,"long_":-1.0},"geometry":{"type":"MultiPoint","coordinates":[[-0.999999999699412,60.316999999851078]]}},
{"type":"Feature","properties":{"port":"Talmine","port_code":2405.0,"lat":58.533,"long_":-4.417},"geometry":{"type":"MultiPoint","coordinates":[[-4.416999999849281,58.533000000250752]]}},
{"type":"Feature","properties":{"port":"Tarbert","port_code":2725.0,"lat":55.8653,"long_":-5.40639},"geometry":{"type":"MultiPoint","coordinates":[[-5.406389999597991,55.865299999596232]]}},
{"type":"Feature","properties":{"port":"Tayinloan","port_code":2720.0,"lat":55.667,"long_":-5.65},"geometry":{"type":"MultiPoint","coordinates":[[-5.650000000298974,55.667000000150836]]}},
{"type":"Feature","properties":{"port":"Tayvallich","port_code":2716.0,"lat":56.017,"long_":-5.617},"geometry":{"type":"MultiPoint","coordinates":[[-5.617000000149062,56.017000000350663]]}},
{"type":"Feature","properties":{"port":"Teignmouth","port_code":713.0,"lat":50.546,"long_":-3.499},"geometry":{"type":"MultiPoint","coordinates":[[-3.498999999849275,50.545999999701166]]}},
{"type":"Feature","properties":{"port":"Tenby","port_code":811.0,"lat":51.672,"long_":-4.697},"geometry":{"type":"MultiPoint","coordinates":[[-4.696999999649449,51.672000000400601]]}},
{"type":"Feature","properties":{"port":"Tingwall","port_code":2102.0,"lat":59.083,"long_":-3.017},"geometry":{"type":"MultiPoint","coordinates":[[-3.016999999949235,59.083000000050902]]}},
{"type":"Feature","properties":{"port":"Tiree","port_code":2619.0,"lat":56.5,"long_":-6.8},"geometry":{"type":"MultiPoint","coordinates":[[-6.799999999799354,56.499999999601243]]}},
{"type":"Feature","properties":{"port":"Tobermory (Isle Of Mull)","port_code":2611.0,"lat":56.633,"long_":-6.083},"geometry":{"type":"MultiPoint","coordinates":[[-6.082999999649473,56.633000000450579]]}},
{"type":"Feature","properties":{"port":"Tollesbury","port_code":471.0,"lat":51.75,"long_":0.833},"geometry":{"type":"MultiPoint","coordinates":[[0.833000000450454,51.75000000010084]]}},
{"type":"Feature","properties":{"port":"Torquay","port_code":715.0,"lat":50.461,"long_":-3.525},"geometry":{"type":"MultiPoint","coordinates":[[-3.525000000049147,50.461000000050888]]}},
{"type":"Feature","properties":{"port":"Trearddur Bay","port_code":891.0,"lat":53.2792,"long_":-4.61786},"geometry":{"type":"MultiPoint","coordinates":[[-4.617860000437872,53.279200000080891]]}},
{"type":"Feature","properties":{"port":"Trefor","port_code":882.0,"lat":52.993,"long_":-4.427},"geometry":{"type":"MultiPoint","coordinates":[[-4.426999999649468,52.993000000350662]]}},
{"type":"Feature","properties":{"port":"Troon","port_code":2816.0,"lat":55.548,"long_":-4.683},"geometry":{"type":"MultiPoint","coordinates":[[-4.68299999974937,55.548000000100842]]}},
{"type":"Feature","properties":{"port":"Troon and Saltcoats","port_code":2819.0,"lat":55.5503,"long_":-4.6833},"geometry":{"type":"MultiPoint","coordinates":[[-4.683300000094107,55.550300000045922]]}},
{"type":"Feature","properties":{"port":"Uig","port_code":2853.0,"lat":57.0228,"long_":-5.77057},"geometry":{"type":"MultiPoint","coordinates":[[-5.770569999904751,57.022799999621213]]}},
{"type":"Feature","properties":{"port":"Ullapool","port_code":2418.0,"lat":57.9,"long_":-5.167},"geometry":{"type":"MultiPoint","coordinates":[[-5.167000000149073,57.90000000040061]]}},
{"type":"Feature","properties":{"port":"Ulva Ferry","port_code":2642.0,"lat":56.483,"long_":-6.133},"geometry":{"type":"MultiPoint","coordinates":[[-6.133000000448874,56.482999999851074]]}},
{"type":"Feature","properties":{"port":"Uyeasound and Baltasound","port_code":2211.0,"lat":60.683,"long_":-0.917},"geometry":{"type":"MultiPoint","coordinates":[[-0.91699999964942,60.683000000450591]]}},
{"type":"Feature","properties":{"port":"Ventnor","port_code":673.0,"lat":50.6,"long_":-1.2},"geometry":{"type":"MultiPoint","coordinates":[[-1.200000000199054,50.59999999970114]]}},
{"type":"Feature","properties":{"port":"Vidlin","port_code":2226.0,"lat":60.35,"long_":-1.117},"geometry":{"type":"MultiPoint","coordinates":[[-1.117000000149062,60.350000000000932]]}},
{"type":"Feature","properties":{"port":"Voe","port_code":2227.0,"lat":60.35,"long_":-1.25},"geometry":{"type":"MultiPoint","coordinates":[[-1.250000000099135,60.350000000000932]]}},
{"type":"Feature","properties":{"port":"Walls (Shetland)","port_code":2215.0,"lat":60.227,"long_":-1.564},"geometry":{"type":"MultiPoint","coordinates":[[-1.564000000298961,60.226999999851046]]}},
{"type":"Feature","properties":{"port":"Warrenpoint","port_code":34.0,"lat":54.15,"long_":-6.267},"geometry":{"type":"MultiPoint","coordinates":[[-6.266999999749373,54.149999999801082]]}},
{"type":"Feature","properties":{"port":"Wells","port_code":406.0,"lat":51.209,"long_":-2.649},"geometry":{"type":"MultiPoint","coordinates":[[-2.648999999749378,51.208999999851017]]}},
{"type":"Feature","properties":{"port":"West Bay","port_code":680.0,"lat":50.711,"long_":-2.764},"geometry":{"type":"MultiPoint","coordinates":[[-2.763999999699422,50.711000000450611]]}},
{"type":"Feature","properties":{"port":"West Burrafirth","port_code":2233.0,"lat":60.3,"long_":-1.517},"geometry":{"type":"MultiPoint","coordinates":[[-1.51700000024897,60.300000000100852]]}},
{"type":"Feature","properties":{"port":"West Loch Tarbert","port_code":2701.0,"lat":55.85,"long_":-5.433},"geometry":{"type":"MultiPoint","coordinates":[[-5.433000000049162,55.850000000000932]]}},
{"type":"Feature","properties":{"port":"West Mersea","port_code":478.0,"lat":51.783,"long_":0.917},"geometry":{"type":"MultiPoint","coordinates":[[0.91699999985093,51.783000000250752]]}},
{"type":"Feature","properties":{"port":"West Wemyss","port_code":1223.0,"lat":56.14,"long_":-3.086},"geometry":{"type":"MultiPoint","coordinates":[[-3.086000000099091,56.13999999960123]]}},
{"type":"Feature","properties":{"port":"Westray","port_code":2103.0,"lat":59.317,"long_":-2.967},"geometry":{"type":"MultiPoint","coordinates":[[-2.967000000049154,59.317000000050882]]}},
{"type":"Feature","properties":{"port":"Weymouth","port_code":669.0,"lat":50.6,"long_":-2.45},"geometry":{"type":"MultiPoint","coordinates":[[-2.450000000398859,50.59999999970114]]}},
{"type":"Feature","properties":{"port":"Whalsay","port_code":2207.0,"lat":60.35,"long_":-1.033},"geometry":{"type":"MultiPoint","coordinates":[[-1.032999999849324,60.350000000000932]]}},
{"type":"Feature","properties":{"port":"Whitby","port_code":213.0,"lat":54.487,"long_":-0.631},"geometry":{"type":"MultiPoint","coordinates":[[-0.631000000149072,54.48700000035069]]}},
{"type":"Feature","properties":{"port":"Abbotsbury","port_code":678.0,"lat":50.667,"long_":-2.6},"geometry":{"type":"MultiPoint","coordinates":[[-2.600000000099101,50.667000000250709]]}},
{"type":"Feature","properties":{"port":"Whitehaven","port_code":980.0,"lat":54.55,"long_":-3.6},"geometry":{"type":"MultiPoint","coordinates":[[-3.599999999899239,54.54999999990099]]}},
{"type":"Feature","properties":{"port":"Whitehead","port_code":17.0,"lat":54.756,"long_":-5.704},"geometry":{"type":"MultiPoint","coordinates":[[-5.704000000298947,54.756000000100869]]}},
{"type":"Feature","properties":{"port":"Whitehills","port_code":1705.0,"lat":57.667,"long_":-2.567},"geometry":{"type":"MultiPoint","coordinates":[[-2.566999999949246,57.666999999751113]]}},
{"type":"Feature","properties":{"port":"Whitstable","port_code":550.0,"lat":51.364,"long_":1.026},"geometry":{"type":"MultiPoint","coordinates":[[1.026000000100737,51.363999999901012]]}},
{"type":"Feature","properties":{"port":"Wick","port_code":2015.0,"lat":58.433,"long_":-3.083},"geometry":{"type":"MultiPoint","coordinates":[[-3.083000000249001,58.433000000450591]]}},
{"type":"Feature","properties":{"port":"Winterton","port_code":436.0,"lat":53.65,"long_":-0.6},"geometry":{"type":"MultiPoint","coordinates":[[-0.599999999599504,53.649999999901013]]}},
{"type":"Feature","properties":{"port":"Withernsea","port_code":226.0,"lat":53.717,"long_":0.017},"geometry":{"type":"MultiPoint","coordinates":[[0.016999999850952,53.717000000450582]]}},
{"type":"Feature","properties":{"port":"Wivenhoe","port_code":470.0,"lat":51.85,"long_":0.967},"geometry":{"type":"MultiPoint","coordinates":[[0.96699999975101,51.849999999901002]]}},
{"type":"Feature","properties":{"port":"Workington","port_code":983.0,"lat":54.65,"long_":-3.567},"geometry":{"type":"MultiPoint","coordinates":[[-3.566999999749385,54.649999999701151]]}},
{"type":"Feature","properties":{"port":"Worthing","port_code":640.0,"lat":50.817,"long_":-0.383},"geometry":{"type":"MultiPoint","coordinates":[[-0.383000000249012,50.816999999950951]]}},
{"type":"Feature","properties":{"port":"Yell and Fetlar","port_code":2209.0,"lat":60.7,"long_":-0.967},"geometry":{"type":"MultiPoint","coordinates":[[-0.9669999995495,60.700000000200816]]}},
{"type":"Feature","properties":{"port":"Zeebrugge","port_code":4002.0,"lat":51.333,"long_":3.2},"geometry":{"type":"MultiPoint","coordinates":[[3.200000000000841,51.333000000250763]]}},
{"type":"Feature","properties":{"port":"Aberdeen","port_code":1407.0,"lat":57.143,"long_":-2.079},"geometry":{"type":"MultiPoint","coordinates":[[-2.079000000348913,57.143000000150835]]}},
{"type":"Feature","properties":{"port":"Alloa","port_code":1117.0,"lat":56.114,"long_":-3.799},"geometry":{"type":"MultiPoint","coordinates":[[-3.799000000149078,56.114000000300734]]}},
{"type":"Feature","properties":{"port":"Amble","port_code":115.0,"lat":55.333,"long_":-1.583},"geometry":{"type":"MultiPoint","coordinates":[[-1.582999999649473,55.333000000350694]]}},
{"type":"Feature","properties":{"port":"Arbroath","port_code":1303.0,"lat":56.556,"long_":-2.583},"geometry":{"type":"MultiPoint","coordinates":[[-2.583000000348932,56.55600000010088]]}},
{"type":"Feature","properties":{"port":"Ardglass","port_code":20.0,"lat":54.26,"long_":-5.602},"geometry":{"type":"MultiPoint","coordinates":[[-5.60199999999918,54.260000000300693]]}},
{"type":"Feature","properties":{"port":"Ardrishaig","port_code":2727.0,"lat":56.016,"long_":-5.448},"geometry":{"type":"MultiPoint","coordinates":[[-5.448000000199045,56.01600000010086]]}},
{"type":"Feature","properties":{"port":"Ardrossan","port_code":2820.0,"lat":55.641,"long_":-4.82},"geometry":{"type":"MultiPoint","coordinates":[[-4.819999999799336,55.640999999950964]]}},
{"type":"Feature","properties":{"port":"Ballycastle","port_code":56.0,"lat":55.207,"long_":-6.241},"geometry":{"type":"MultiPoint","coordinates":[[-6.240999999549558,55.207000000350661]]}},
{"type":"Feature","properties":{"port":"Bangor (Co. Down)","port_code":38.0,"lat":54.65,"long_":-5.7},"geometry":{"type":"MultiPoint","coordinates":[[-5.700000000199054,54.649999999701151]]}},
{"type":"Feature","properties":{"port":"Barra","port_code":2346.0,"lat":57.009,"long_":-7.403},"geometry":{"type":"MultiPoint","coordinates":[[-7.403000000248994,57.008999999950959]]}},
{"type":"Feature","properties":{"port":"Belfast","port_code":55.0,"lat":54.583,"long_":-5.933},"geometry":{"type":"MultiPoint","coordinates":[[-5.932999999949232,54.583000000050902]]}},
{"type":"Feature","properties":{"port":"Blyth","port_code":118.0,"lat":55.121,"long_":-1.514},"geometry":{"type":"MultiPoint","coordinates":[[-1.51400000039888,55.121000000450579]]}},
{"type":"Feature","properties":{"port":"Boulogne","port_code":3003.0,"lat":50.717,"long_":1.617},"geometry":{"type":"MultiPoint","coordinates":[[1.617000000250641,50.71700000015079]]}},
{"type":"Feature","properties":{"port":"Bridlington","port_code":225.0,"lat":54.095,"long_":-0.208},"geometry":{"type":"MultiPoint","coordinates":[[-0.207999999699382,54.095000000450568]]}},
{"type":"Feature","properties":{"port":"Brixham","port_code":717.0,"lat":50.383,"long_":-3.5},"geometry":{"type":"MultiPoint","coordinates":[[-3.500000000099135,50.383000000350648]]}},
{"type":"Feature","properties":{"port":"Buckie","port_code":1805.0,"lat":57.667,"long_":-2.95},"geometry":{"type":"MultiPoint","coordinates":[[-2.950000000298985,57.666999999751113]]}},
{"type":"Feature","properties":{"port":"Burghead","port_code":1905.0,"lat":57.7,"long_":-3.483},"geometry":{"type":"MultiPoint","coordinates":[[-3.483000000348909,57.699999999901024]]}},
{"type":"Feature","properties":{"port":"Campbeltown","port_code":2721.0,"lat":55.417,"long_":-5.6},"geometry":{"type":"MultiPoint","coordinates":[[-5.600000000398893,55.416999999751113]]}},
{"type":"Feature","properties":{"port":"Carbost","port_code":2851.0,"lat":57.183,"long_":-6.2},"geometry":{"type":"MultiPoint","coordinates":[[-6.200000000099124,57.183000000250729]]}},
{"type":"Feature","properties":{"port":"Carradale","port_code":2723.0,"lat":55.592,"long_":-5.463},"geometry":{"type":"MultiPoint","coordinates":[[-5.463000000348927,55.592000000300686]]}},
{"type":"Feature","properties":{"port":"Castlehill","port_code":2031.0,"lat":58.6,"long_":-3.383},"geometry":{"type":"MultiPoint","coordinates":[[-3.382999999649428,58.599999999901002]]}},
{"type":"Feature","properties":{"port":"Castletown Bere","port_code":9225.0,"lat":51.65,"long_":-9.917},"geometry":{"type":"MultiPoint","coordinates":[[-9.916999999649477,51.650000000300679]]}},
{"type":"Feature","properties":{"port":"Cherbourg","port_code":3005.0,"lat":49.65,"long_":-1.65},"geometry":{"type":"MultiPoint","coordinates":[[-1.650000000199043,49.649999999801082]]}},
{"type":"Feature","properties":{"port":"Collafirth","port_code":2228.0,"lat":60.401,"long_":-1.219},"geometry":{"type":"MultiPoint","coordinates":[[-1.21899999954951,60.401000000150816]]}},
{"type":"Feature","properties":{"port":"Craighouse","port_code":2730.0,"lat":55.832,"long_":-5.949},"geometry":{"type":"MultiPoint","coordinates":[[-5.949000000348917,55.83200000000096]]}},
{"type":"Feature","properties":{"port":"Crinan","port_code":2714.0,"lat":56.083,"long_":-5.55},"geometry":{"type":"MultiPoint","coordinates":[[-5.549999999599493,56.082999999751109]]}},
{"type":"Feature","properties":{"port":"Crosshaven","port_code":9243.0,"lat":51.804,"long_":-8.297},"geometry":{"type":"MultiPoint","coordinates":[[-8.296999999649472,51.804000000100871]]}},
{"type":"Feature","properties":{"port":"Cuan","port_code":2638.0,"lat":56.267,"long_":-5.617},"geometry":{"type":"MultiPoint","coordinates":[[-5.617000000149062,56.266999999851066]]}},
{"type":"Feature","properties":{"port":"Cullivoe","port_code":2223.0,"lat":60.7,"long_":-1.0},"geometry":{"type":"MultiPoint","coordinates":[[-0.999999999699412,60.700000000200816]]}},
{"type":"Feature","properties":{"port":"Dieppe","port_code":3007.0,"lat":49.933,"long_":1.083},"geometry":{"type":"MultiPoint","coordinates":[[1.082999999950857,49.93300000035066]]}},
{"type":"Feature","properties":{"port":"Dingle","port_code":9200.0,"lat":52.112,"long_":-10.278},"geometry":{"type":"MultiPoint","coordinates":[[-10.277999999899293,52.11199999970114]]}},
{"type":"Feature","properties":{"port":"Douglas","port_code":75.0,"lat":54.15,"long_":-4.46667},"geometry":{"type":"MultiPoint","coordinates":[[-4.466669999819828,54.149999999801082]]}},
{"type":"Feature","properties":{"port":"Dunbar","port_code":1103.0,"lat":55.983,"long_":-2.483},"geometry":{"type":"MultiPoint","coordinates":[[-2.482999999649451,55.982999999950948]]}},
{"type":"Feature","properties":{"port":"Eastbourne","port_code":632.0,"lat":50.7933,"long_":0.324722},"geometry":{"type":"MultiPoint","coordinates":[[0.324722000121028,50.79329999969616]]}},
{"type":"Feature","properties":{"port":"Eyemouth","port_code":1003.0,"lat":55.867,"long_":-2.083},"geometry":{"type":"MultiPoint","coordinates":[[-2.082999999549543,55.866999999751101]]}},
{"type":"Feature","properties":{"port":"Fecamp","port_code":3018.0,"lat":49.75,"long_":0.367},"geometry":{"type":"MultiPoint","coordinates":[[0.36700000005078,49.749999999601243]]}},
{"type":"Feature","properties":{"port":"Fishguard","port_code":837.0,"lat":51.993,"long_":-4.974},"geometry":{"type":"MultiPoint","coordinates":[[-4.973999999599471,51.992999999651204]]}},
{"type":"Feature","properties":{"port":"Fleetwood","port_code":901.0,"lat":53.917,"long_":-3.0},"geometry":{"type":"MultiPoint","coordinates":[[-3.000000000199009,53.917000000050905]]}},
{"type":"Feature","properties":{"port":"Fraserburgh","port_code":1607.0,"lat":57.683,"long_":-2.0},"geometry":{"type":"MultiPoint","coordinates":[[-2.00000000039887,57.683000000150798]]}},
{"type":"Feature","properties":{"port":"Gairloch","port_code":2704.0,"lat":57.7,"long_":-5.683},"geometry":{"type":"MultiPoint","coordinates":[[-5.682999999549509,57.699999999901024]]}},
{"type":"Feature","properties":{"port":"Garlieston","port_code":2841.0,"lat":54.788,"long_":-4.364},"geometry":{"type":"MultiPoint","coordinates":[[-4.364000000099111,54.78800000000092]]}},
{"type":"Feature","properties":{"port":"Gigha","port_code":2703.0,"lat":55.675,"long_":-5.736},"geometry":{"type":"MultiPoint","coordinates":[[-5.736000000199056,55.675000000350678]]}},
{"type":"Feature","properties":{"port":"Girvan","port_code":2827.0,"lat":55.233,"long_":-4.85},"geometry":{"type":"MultiPoint","coordinates":[[-4.850000000099101,55.232999999651213]]}},
{"type":"Feature","properties":{"port":"Great Yarmouth","port_code":441.0,"lat":52.633,"long_":1.75},"geometry":{"type":"MultiPoint","coordinates":[[1.750000000200657,52.633000000350648]]}},
{"type":"Feature","properties":{"port":"Greencastle","port_code":9001.0,"lat":55.204,"long_":-6.979},"geometry":{"type":"MultiPoint","coordinates":[[-6.978999999549558,55.203999999601251]]}},
{"type":"Feature","properties":{"port":"Grimsby","port_code":301.0,"lat":53.533,"long_":0.0},"geometry":{"type":"MultiPoint","coordinates":[[0.000000000100727,53.533000000350683]]}},
{"type":"Feature","properties":{"port":"Gruinard - Aultbea","port_code":2419.0,"lat":57.833,"long_":-5.567},"geometry":{"type":"MultiPoint","coordinates":[[-5.567000000248981,57.83299999985104]]}},
{"type":"Feature","properties":{"port":"Guernsey","port_code":90.0,"lat":49.4573,"long_":-2.52689},"geometry":{"type":"MultiPoint","coordinates":[[-2.526890000172557,49.457299999596216]]}},
{"type":"Feature","properties":{"port":"Hartlepool","port_code":127.0,"lat":54.683,"long_":-1.217},"geometry":{"type":"MultiPoint","coordinates":[[-1.216999999949223,54.682999999851063]]}},
{"type":"Feature","properties":{"port":"Harwich","port_code":466.0,"lat":51.95,"long_":1.3},"geometry":{"type":"MultiPoint","coordinates":[[1.300000000200669,51.949999999701163]]}},
{"type":"Feature","properties":{"port":"Holyhead","port_code":878.0,"lat":53.3,"long_":-4.633},"geometry":{"type":"MultiPoint","coordinates":[[-4.632999999849289,53.299999999701129]]}},
{"type":"Feature","properties":{"port":"Howth","port_code":9300.0,"lat":53.39,"long_":-6.077},"geometry":{"type":"MultiPoint","coordinates":[[-6.076999999949237,53.389999999701161]]}},
{"type":"Feature","properties":{"port":"Hull","port_code":201.0,"lat":53.717,"long_":-0.333},"geometry":{"type":"MultiPoint","coordinates":[[-0.333000000348932,53.717000000450582]]}},
{"type":"Feature","properties":{"port":"Isle Of Whithorn","port_code":2839.0,"lat":54.699,"long_":-4.364},"geometry":{"type":"MultiPoint","coordinates":[[-4.364000000099111,54.699000000250749]]}},
{"type":"Feature","properties":{"port":"Jersey","port_code":91.0,"lat":49.2153,"long_":-2.12583},"geometry":{"type":"MultiPoint","coordinates":[[-2.125829999753876,49.215300000295713]]}},
{"type":"Feature","properties":{"port":"Kallin","port_code":2343.0,"lat":57.467,"long_":-7.2},"geometry":{"type":"MultiPoint","coordinates":[[-7.199999999899262,57.467000000150847]]}},
{"type":"Feature","properties":{"port":"Kilkeel","port_code":10.0,"lat":54.067,"long_":-6.0},"geometry":{"type":"MultiPoint","coordinates":[[-5.999999999599481,54.066999999751147]]}},
{"type":"Feature","properties":{"port":"Killybegs","port_code":9100.0,"lat":54.645,"long_":-8.468},"geometry":{"type":"MultiPoint","coordinates":[[-8.468000000099096,54.645000000250718]]}},
{"type":"Feature","properties":{"port":"Kings Lynn","port_code":326.0,"lat":52.75,"long_":0.383},"geometry":{"type":"MultiPoint","coordinates":[[0.383000000450465,52.749999999900979]]}},
{"type":"Feature","properties":{"port":"Kinlochbervie","port_code":2409.0,"lat":58.45,"long_":-5.05},"geometry":{"type":"MultiPoint","coordinates":[[-5.049999999699423,58.450000000200816]]}},
{"type":"Feature","properties":{"port":"Kirkcudbright","port_code":2843.0,"lat":54.838,"long_":-4.051},"geometry":{"type":"MultiPoint","coordinates":[[-4.051000000149088,54.837999999901001]]}},
{"type":"Feature","properties":{"port":"Kirkwall","port_code":2113.0,"lat":58.983,"long_":-2.95},"geometry":{"type":"MultiPoint","coordinates":[[-2.950000000298985,58.98300000025074]]}},
{"type":"Feature","properties":{"port":"Kyle","port_code":2507.0,"lat":57.267,"long_":-5.7},"geometry":{"type":"MultiPoint","coordinates":[[-5.700000000199054,57.266999999651205]]}},
{"type":"Feature","properties":{"port":"Largs","port_code":2808.0,"lat":55.7833,"long_":-4.85},"geometry":{"type":"MultiPoint","coordinates":[[-4.850000000099101,55.7832999997961]]}},
{"type":"Feature","properties":{"port":"Larne","port_code":59.0,"lat":54.85,"long_":-5.817},"geometry":{"type":"MultiPoint","coordinates":[[-5.816999999749385,54.850000000200794]]}},
{"type":"Feature","properties":{"port":"Le Havre","port_code":3009.0,"lat":49.5,"long_":0.133},"geometry":{"type":"MultiPoint","coordinates":[[0.133000000050799,49.50000000010084]]}},
{"type":"Feature","properties":{"port":"Lerwick","port_code":2205.0,"lat":60.163,"long_":-1.158},"geometry":{"type":"MultiPoint","coordinates":[[-1.157999999599497,60.163000000050886]]}},
{"type":"Feature","properties":{"port":"Leverburgh","port_code":2335.0,"lat":57.767,"long_":-7.017},"geometry":{"type":"MultiPoint","coordinates":[[-7.017000000049165,57.767000000450594]]}},
{"type":"Feature","properties":{"port":"Liverpool","port_code":924.0,"lat":53.417,"long_":-3.0},"geometry":{"type":"MultiPoint","coordinates":[[-3.000000000199009,53.417000000150836]]}},
{"type":"Feature","properties":{"port":"Loch Carnan","port_code":2329.0,"lat":57.367,"long_":-7.267},"geometry":{"type":"MultiPoint","coordinates":[[-7.266999999549512,57.367000000350686]]}},
{"type":"Feature","properties":{"port":"Lochboisdale","port_code":2331.0,"lat":57.15,"long_":-7.3},"geometry":{"type":"MultiPoint","coordinates":[[-7.299999999699423,57.150000000100874]]}},
{"type":"Feature","properties":{"port":"Lochinver","port_code":2415.0,"lat":58.15,"long_":-5.233},"geometry":{"type":"MultiPoint","coordinates":[[-5.23299999954952,58.149999999901013]]}},
{"type":"Feature","properties":{"port":"Lochmaddy","port_code":2342.0,"lat":57.603,"long_":-7.163},"geometry":{"type":"MultiPoint","coordinates":[[-7.162999999649458,57.602999999950953]]}},
{"type":"Feature","properties":{"port":"Londonderry","port_code":45.0,"lat":55.0,"long_":-7.333},"geometry":{"type":"MultiPoint","coordinates":[[-7.332999999849335,54.999999999901036]]}},
{"type":"Feature","properties":{"port":"Lowestoft","port_code":401.0,"lat":52.483,"long_":1.75},"geometry":{"type":"MultiPoint","coordinates":[[1.750000000200657,52.482999999751144]]}},
{"type":"Feature","properties":{"port":"Macduff","port_code":1703.0,"lat":57.667,"long_":-2.483},"geometry":{"type":"MultiPoint","coordinates":[[-2.482999999649451,57.666999999751113]]}},
{"type":"Feature","properties":{"port":"Mallaig","port_code":2523.0,"lat":57.0,"long_":-5.817},"geometry":{"type":"MultiPoint","coordinates":[[-5.816999999749385,57.000000000400632]]}},
{"type":"Feature","properties":{"port":"Maryport","port_code":985.0,"lat":54.7,"long_":-3.5},"geometry":{"type":"MultiPoint","coordinates":[[-3.500000000099135,54.699999999601232]]}},
{"type":"Feature","properties":{"port":"Methil and Leven","port_code":1201.0,"lat":56.186,"long_":-3.006},"geometry":{"type":"MultiPoint","coordinates":[[-3.005999999899245,56.18600000030068]]}},
{"type":"Feature","properties":{"port":"Milford Haven","port_code":801.0,"lat":51.717,"long_":-5.033},"geometry":{"type":"MultiPoint","coordinates":[[-5.032999999949254,51.716999999950986]]}},
{"type":"Feature","properties":{"port":"Montrose","port_code":1305.0,"lat":56.7,"long_":-2.467},"geometry":{"type":"MultiPoint","coordinates":[[-2.467000000149085,56.700000000100886]]}},
{"type":"Feature","properties":{"port":"Newlyn","port_code":702.0,"lat":50.101,"long_":-5.554},"geometry":{"type":"MultiPoint","coordinates":[[-5.553999999699442,50.101000000050874]]}},
{"type":"Feature","properties":{"port":"North Shields","port_code":101.0,"lat":55.005,"long_":-1.473},"geometry":{"type":"MultiPoint","coordinates":[[-1.473000000049126,55.005000000250732]]}},
{"type":"Feature","properties":{"port":"North Sunderland","port_code":106.0,"lat":55.567,"long_":-1.667},"geometry":{"type":"MultiPoint","coordinates":[[-1.666999999949212,55.567000000350674]]}},
{"type":"Feature","properties":{"port":"Northbay","port_code":2339.0,"lat":57.0,"long_":-7.4},"geometry":{"type":"MultiPoint","coordinates":[[-7.400000000398904,57.000000000400632]]}},
{"type":"Feature","properties":{"port":"Oban","port_code":2607.0,"lat":56.4,"long_":-5.467},"geometry":{"type":"MultiPoint","coordinates":[[-5.466999999549557,56.399999999801082]]}},
{"type":"Feature","properties":{"port":"Oostende","port_code":4001.0,"lat":51.217,"long_":2.917},"geometry":{"type":"MultiPoint","coordinates":[[2.917000000350583,51.217000000050859]]}},
{"type":"Feature","properties":{"port":"Out Skerries","port_code":2221.0,"lat":60.417,"long_":-0.75},"geometry":{"type":"MultiPoint","coordinates":[[-0.750000000199009,60.416999999651182]]}},
{"type":"Feature","properties":{"port":"Padstow","port_code":781.0,"lat":50.533,"long_":-4.933},"geometry":{"type":"MultiPoint","coordinates":[[-4.933000000149093,50.53300000005089]]}},
{"type":"Feature","properties":{"port":"Peel","port_code":60.0,"lat":54.2272,"long_":-4.69611},"geometry":{"type":"MultiPoint","coordinates":[[-4.696109999975704,54.227200000380662]]}},
{"type":"Feature","properties":{"port":"Penclawdd","port_code":815.0,"lat":51.642,"long_":-4.101},"geometry":{"type":"MultiPoint","coordinates":[[-4.101000000049169,51.642000000100836]]}},
{"type":"Feature","properties":{"port":"Penzance","port_code":760.0,"lat":50.114,"long_":-5.548},"geometry":{"type":"MultiPoint","coordinates":[[-5.547999999999206,50.11399999970115]]}},
{"type":"Feature","properties":{"port":"Peterhead","port_code":1509.0,"lat":57.502,"long_":-1.778},"geometry":{"type":"MultiPoint","coordinates":[[-1.777999999799363,57.501999999900988]]}},
{"type":"Feature","properties":{"port":"Pittenweem","port_code":1205.0,"lat":56.217,"long_":-2.733},"geometry":{"type":"MultiPoint","coordinates":[[-2.733000000049174,56.216999999950986]]}},
{"type":"Feature","properties":{"port":"Plymouth","port_code":701.0,"lat":50.364,"long_":-4.134},"geometry":{"type":"MultiPoint","coordinates":[[-4.134000000199023,50.364000000100873]]}},
{"type":"Feature","properties":{"port":"Polruan","port_code":739.0,"lat":50.33,"long_":-4.635},"geometry":{"type":"MultiPoint","coordinates":[[-4.635000000348953,50.329999999701158]]}},
{"type":"Feature","properties":{"port":"Port Ellen","port_code":2705.0,"lat":55.617,"long_":-6.183},"geometry":{"type":"MultiPoint","coordinates":[[-6.183000000348954,55.617000000250755]]}},
{"type":"Feature","properties":{"port":"Port Seton","port_code":1107.0,"lat":55.967,"long_":-2.933},"geometry":{"type":"MultiPoint","coordinates":[[-2.932999999649439,55.967000000450582]]}},
{"type":"Feature","properties":{"port":"Port St Mary","port_code":65.0,"lat":54.0714,"long_":-4.73195},"geometry":{"type":"MultiPoint","coordinates":[[-4.731949999791823,54.071400000310689]]}},
{"type":"Feature","properties":{"port":"Portavogie","port_code":30.0,"lat":54.45,"long_":-5.45},"geometry":{"type":"MultiPoint","coordinates":[[-5.449999999799331,54.450000000100829]]}},
{"type":"Feature","properties":{"port":"Portland","port_code":670.0,"lat":50.6,"long_":-2.45},"geometry":{"type":"MultiPoint","coordinates":[[-2.450000000398859,50.59999999970114]]}},
{"type":"Feature","properties":{"port":"Portree","port_code":2513.0,"lat":57.4,"long_":-6.183},"geometry":{"type":"MultiPoint","coordinates":[[-6.183000000348954,57.399999999601221]]}},
{"type":"Feature","properties":{"port":"Portsmouth","port_code":654.0,"lat":50.797,"long_":-1.108},"geometry":{"type":"MultiPoint","coordinates":[[-1.107999999699416,50.797000000350636]]}},
{"type":"Feature","properties":{"port":"Pwllheli","port_code":868.0,"lat":52.883,"long_":-4.417},"geometry":{"type":"MultiPoint","coordinates":[[-4.416999999849281,52.882999999851052]]}},
{"type":"Feature","properties":{"port":"Queenborough","port_code":549.0,"lat":51.417,"long_":0.767},"geometry":{"type":"MultiPoint","coordinates":[[0.767000000150688,51.416999999651182]]}},
{"type":"Feature","properties":{"port":"Ramsey","port_code":80.0,"lat":54.321,"long_":-4.384},"geometry":{"type":"MultiPoint","coordinates":[[-4.383999999699427,54.321000000250763]]}},
{"type":"Feature","properties":{"port":"River Dart","port_code":721.0,"lat":50.333,"long_":-3.55},"geometry":{"type":"MultiPoint","coordinates":[[-3.549999999999216,50.333000000450568]]}},
{"type":"Feature","properties":{"port":"River Fal - Falmouth","port_code":746.0,"lat":50.148,"long_":-5.076},"geometry":{"type":"MultiPoint","coordinates":[[-5.075999999899238,50.148000000100865]]}},
{"type":"Feature","properties":{"port":"Ros A Mhil","port_code":9155.0,"lat":53.269,"long_":-9.556},"geometry":{"type":"MultiPoint","coordinates":[[-9.55600000029898,53.26900000005088]]}},
{"type":"Feature","properties":{"port":"Salcombe","port_code":725.0,"lat":50.233,"long_":-3.783},"geometry":{"type":"MultiPoint","coordinates":[[-3.782999999749393,50.232999999751087]]}},
{"type":"Feature","properties":{"port":"Scalloway and Isles","port_code":2217.0,"lat":60.133,"long_":-1.3},"geometry":{"type":"MultiPoint","coordinates":[[-1.299999999999159,60.132999999751121]]}},
{"type":"Feature","properties":{"port":"Scalpay","port_code":2319.0,"lat":57.867,"long_":-6.7},"geometry":{"type":"MultiPoint","coordinates":[[-6.699999999999193,57.867000000250755]]}},
{"type":"Feature","properties":{"port":"Scarborough","port_code":217.0,"lat":54.287,"long_":-0.414},"geometry":{"type":"MultiPoint","coordinates":[[-0.413999999899261,54.286999999851048]]}},
{"type":"Feature","properties":{"port":"Scrabster","port_code":2035.0,"lat":58.6,"long_":-3.533},"geometry":{"type":"MultiPoint","coordinates":[[-3.53300000024899,58.599999999901002]]}},
{"type":"Feature","properties":{"port":"Shetland","port_code":2200.0,"lat":60.533,"long_":-1.217},"geometry":{"type":"MultiPoint","coordinates":[[-1.216999999949223,60.532999999851029]]}},
{"type":"Feature","properties":{"port":"Shoreham-by-Sea","port_code":639.0,"lat":50.833,"long_":-0.2667},"geometry":{"type":"MultiPoint","coordinates":[[-0.266699999704429,50.833000000350637]]}},
{"type":"Feature","properties":{"port":"Silloth","port_code":987.0,"lat":54.868,"long_":-3.395},"geometry":{"type":"MultiPoint","coordinates":[[-3.394999999949221,54.868000000200766]]}},
{"type":"Feature","properties":{"port":"Sleat","port_code":2509.0,"lat":57.098,"long_":-5.865},"geometry":{"type":"MultiPoint","coordinates":[[-5.865000000049179,57.097999999701187]]}},
{"type":"Feature","properties":{"port":"Snizort","port_code":2515.0,"lat":57.483,"long_":-6.317},"geometry":{"type":"MultiPoint","coordinates":[[-6.316999999649454,57.482999999651213]]}},
{"type":"Feature","properties":{"port":"South Shields","port_code":119.0,"lat":54.988,"long_":-1.421},"geometry":{"type":"MultiPoint","coordinates":[[-1.420999999649439,54.987999999601243]]}},
{"type":"Feature","properties":{"port":"South Uist and Eriskay","port_code":2330.0,"lat":57.07,"long_":-7.27877},"geometry":{"type":"MultiPoint","coordinates":[[-7.278770000034683,57.069999999901029]]}},
{"type":"Feature","properties":{"port":"Stockinish","port_code":2337.0,"lat":57.823,"long_":-6.839},"geometry":{"type":"MultiPoint","coordinates":[[-6.838999999649445,57.823000000050911]]}},
{"type":"Feature","properties":{"port":"Stornoway","port_code":2305.0,"lat":58.2,"long_":-6.383},"geometry":{"type":"MultiPoint","coordinates":[[-6.38299999994922,58.199999999801094]]}},
{"type":"Feature","properties":{"port":"Stranraer","port_code":2831.0,"lat":54.904,"long_":-5.024},"geometry":{"type":"MultiPoint","coordinates":[[-5.024000000398871,54.904000000200767]]}},
{"type":"Feature","properties":{"port":"Stromness","port_code":2121.0,"lat":58.964,"long_":-3.297},"geometry":{"type":"MultiPoint","coordinates":[[-3.296999999749403,58.964000000000965]]}},
{"type":"Feature","properties":{"port":"Sullom","port_code":2235.0,"lat":60.45,"long_":-1.2},"geometry":{"type":"MultiPoint","coordinates":[[-1.200000000199054,60.449999999801094]]}},
{"type":"Feature","properties":{"port":"Symbister","port_code":2220.0,"lat":60.317,"long_":-1.0},"geometry":{"type":"MultiPoint","coordinates":[[-0.999999999699412,60.316999999851078]]}},
{"type":"Feature","properties":{"port":"Tarbert","port_code":2725.0,"lat":55.8653,"long_":-5.40639},"geometry":{"type":"MultiPoint","coordinates":[[-5.406389999597991,55.865299999596232]]}},
{"type":"Feature","properties":{"port":"Tayinloan","port_code":2720.0,"lat":55.667,"long_":-5.65},"geometry":{"type":"MultiPoint","coordinates":[[-5.650000000298974,55.667000000150836]]}},
{"type":"Feature","properties":{"port":"Teignmouth","port_code":713.0,"lat":50.546,"long_":-3.499},"geometry":{"type":"MultiPoint","coordinates":[[-3.498999999849275,50.545999999701166]]}},
{"type":"Feature","properties":{"port":"Tobermory (Isle Of Mull)","port_code":2611.0,"lat":56.633,"long_":-6.083},"geometry":{"type":"MultiPoint","coordinates":[[-6.082999999649473,56.633000000450579]]}},
{"type":"Feature","properties":{"port":"Torquay","port_code":715.0,"lat":50.461,"long_":-3.525},"geometry":{"type":"MultiPoint","coordinates":[[-3.525000000049147,50.461000000050888]]}},
{"type":"Feature","properties":{"port":"Troon","port_code":2816.0,"lat":55.548,"long_":-4.683},"geometry":{"type":"MultiPoint","coordinates":[[-4.68299999974937,55.548000000100842]]}},
{"type":"Feature","properties":{"port":"Troon and Saltcoats","port_code":2819.0,"lat":55.5503,"long_":-4.6833},"geometry":{"type":"MultiPoint","coordinates":[[-4.683300000094107,55.550300000045922]]}},
{"type":"Feature","properties":{"port":"Uig","port_code":2853.0,"lat":57.0228,"long_":-5.77057},"geometry":{"type":"MultiPoint","coordinates":[[-5.770569999904751,57.022799999621213]]}},
{"type":"Feature","properties":{"port":"Ullapool","port_code":2418.0,"lat":57.9,"long_":-5.167},"geometry":{"type":"MultiPoint","coordinates":[[-5.167000000149073,57.90000000040061]]}},
{"type":"Feature","properties":{"port":"Vidlin","port_code":2226.0,"lat":60.35,"long_":-1.117},"geometry":{"type":"MultiPoint","coordinates":[[-1.117000000149062,60.350000000000932]]}},
{"type":"Feature","properties":{"port":"Walls (Shetland)","port_code":2215.0,"lat":60.227,"long_":-1.564},"geometry":{"type":"MultiPoint","coordinates":[[-1.564000000298961,60.226999999851046]]}},
{"type":"Feature","properties":{"port":"West Burrafirth","port_code":2233.0,"lat":60.3,"long_":-1.517},"geometry":{"type":"MultiPoint","coordinates":[[-1.51700000024897,60.300000000100852]]}},
{"type":"Feature","properties":{"port":"West Loch Tarbert","port_code":2701.0,"lat":55.85,"long_":-5.433},"geometry":{"type":"MultiPoint","coordinates":[[-5.433000000049162,55.850000000000932]]}},
{"type":"Feature","properties":{"port":"Westray","port_code":2103.0,"lat":59.317,"long_":-2.967},"geometry":{"type":"MultiPoint","coordinates":[[-2.967000000049154,59.317000000050882]]}},
{"type":"Feature","properties":{"port":"Weymouth","port_code":669.0,"lat":50.6,"long_":-2.45},"geometry":{"type":"MultiPoint","coordinates":[[-2.450000000398859,50.59999999970114]]}},
{"type":"Feature","properties":{"port":"Whitby","port_code":213.0,"lat":54.487,"long_":-0.631},"geometry":{"type":"MultiPoint","coordinates":[[-0.631000000149072,54.48700000035069]]}},
{"type":"Feature","properties":{"port":"Whitehaven","port_code":980.0,"lat":54.55,"long_":-3.6},"geometry":{"type":"MultiPoint","coordinates":[[-3.599999999899239,54.54999999990099]]}},
{"type":"Feature","properties":{"port":"Wick","port_code":2015.0,"lat":58.433,"long_":-3.083},"geometry":{"type":"MultiPoint","coordinates":[[-3.083000000249001,58.433000000450591]]}},
{"type":"Feature","properties":{"port":"Workington","port_code":983.0,"lat":54.65,"long_":-3.567},"geometry":{"type":"MultiPoint","coordinates":[[-3.566999999749385,54.649999999701151]]}},
{"type":"Feature","properties":{"port":"Aberystwyth","port_code":849.0,"lat":52.417,"long_":-4.083},"geometry":{"type":"MultiPoint","coordinates":[[-4.08300000004914,52.41700000035064]]}},
{"type":"Feature","properties":{"port":"Achiltibuie","port_code":2702.0,"lat":58.033,"long_":-5.367},"geometry":{"type":"MultiPoint","coordinates":[[-5.366999999749396,58.033000000350683]]}},
{"type":"Feature","properties":{"port":"Alloa","port_code":1117.0,"lat":56.114,"long_":-3.799},"geometry":{"type":"MultiPoint","coordinates":[[-3.799000000149078,56.114000000300734]]}},
{"type":"Feature","properties":{"port":"Amble","port_code":115.0,"lat":55.333,"long_":-1.583},"geometry":{"type":"MultiPoint","coordinates":[[-1.582999999649473,55.333000000350694]]}},
{"type":"Feature","properties":{"port":"Amlwch","port_code":879.0,"lat":53.412,"long_":-4.334},"geometry":{"type":"MultiPoint","coordinates":[[-4.333999999799346,53.411999999801083]]}},
{"type":"Feature","properties":{"port":"Annalong","port_code":11.0,"lat":54.108,"long_":-5.896},"geometry":{"type":"MultiPoint","coordinates":[[-5.895999999699427,54.108000000100844]]}},
{"type":"Feature","properties":{"port":"Applecross","port_code":2503.0,"lat":57.433,"long_":-5.815},"geometry":{"type":"MultiPoint","coordinates":[[-5.815000000149098,57.432999999751132]]}},
{"type":"Feature","properties":{"port":"Arbroath","port_code":1303.0,"lat":56.556,"long_":-2.583},"geometry":{"type":"MultiPoint","coordinates":[[-2.583000000348932,56.55600000010088]]}},
{"type":"Feature","properties":{"port":"Ardrossan","port_code":2820.0,"lat":55.641,"long_":-4.82},"geometry":{"type":"MultiPoint","coordinates":[[-4.819999999799336,55.640999999950964]]}},
{"type":"Feature","properties":{"port":"Arklow","port_code":9297.0,"lat":52.796,"long_":-6.141},"geometry":{"type":"MultiPoint","coordinates":[[-6.140999999749397,52.795999999701166]]}},
{"type":"Feature","properties":{"port":"Ballycastle","port_code":56.0,"lat":55.207,"long_":-6.241},"geometry":{"type":"MultiPoint","coordinates":[[-6.240999999549558,55.207000000350661]]}},
{"type":"Feature","properties":{"port":"Balvicar","port_code":2637.0,"lat":56.283,"long_":-5.6},"geometry":{"type":"MultiPoint","coordinates":[[-5.600000000398893,56.283000000250752]]}},
{"type":"Feature","properties":{"port":"Bangor","port_code":888.0,"lat":53.233,"long_":-4.117},"geometry":{"type":"MultiPoint","coordinates":[[-4.116999999549535,53.233000000050879]]}},
{"type":"Feature","properties":{"port":"Bangor (Co. Down)","port_code":38.0,"lat":54.65,"long_":-5.7},"geometry":{"type":"MultiPoint","coordinates":[[-5.700000000199054,54.649999999701151]]}},
{"type":"Feature","properties":{"port":"Bideford","port_code":791.0,"lat":51.017,"long_":-4.217},"geometry":{"type":"MultiPoint","coordinates":[[-4.217000000249016,51.017000000450594]]}},
{"type":"Feature","properties":{"port":"Blyth","port_code":118.0,"lat":55.121,"long_":-1.514},"geometry":{"type":"MultiPoint","coordinates":[[-1.51400000039888,55.121000000450579]]}},
{"type":"Feature","properties":{"port":"Bonagee/Culdaff","port_code":9002.0,"lat":55.3,"long_":-7.15406},"geometry":{"type":"MultiPoint","coordinates":[[-7.154060000168045,55.300000000200782]]}},
{"type":"Feature","properties":{"port":"Boston","port_code":321.0,"lat":52.983,"long_":0.0},"geometry":{"type":"MultiPoint","coordinates":[[0.000000000100727,52.982999999651213]]}},
{"type":"Feature","properties":{"port":"Whitehaven","port_code":980.0,"lat":54.55,"long_":-3.6},"geometry":{"type":"MultiPoint","coordinates":[[-3.599999999899239,54.54999999990099]]}},
{"type":"Feature","properties":{"port":"Bowmore","port_code":2711.0,"lat":55.7333,"long_":-6.28846},"geometry":{"type":"MultiPoint","coordinates":[[-6.288460000128111,55.733299999896019]]}},
{"type":"Feature","properties":{"port":"Bridlington","port_code":225.0,"lat":54.095,"long_":-0.208},"geometry":{"type":"MultiPoint","coordinates":[[-0.207999999699382,54.095000000450568]]}},
{"type":"Feature","properties":{"port":"Brixham","port_code":717.0,"lat":50.383,"long_":-3.5},"geometry":{"type":"MultiPoint","coordinates":[[-3.500000000099135,50.383000000350648]]}},
{"type":"Feature","properties":{"port":"Broadford","port_code":2511.0,"lat":57.233,"long_":-5.883},"geometry":{"type":"MultiPoint","coordinates":[[-5.883000000049151,57.23300000015081]]}},
{"type":"Feature","properties":{"port":"Buckie","port_code":1805.0,"lat":57.667,"long_":-2.95},"geometry":{"type":"MultiPoint","coordinates":[[-2.950000000298985,57.666999999751113]]}},
{"type":"Feature","properties":{"port":"Bunbeg","port_code":9090.0,"lat":55.061,"long_":-8.3},"geometry":{"type":"MultiPoint","coordinates":[[-8.300000000398882,55.060999999851049]]}},
{"type":"Feature","properties":{"port":"Bunessan","port_code":2640.0,"lat":56.317,"long_":-6.233},"geometry":{"type":"MultiPoint","coordinates":[[-6.233000000248978,56.316999999751147]]}},
{"type":"Feature","properties":{"port":"Burghead","port_code":1905.0,"lat":57.7,"long_":-3.483},"geometry":{"type":"MultiPoint","coordinates":[[-3.483000000348909,57.699999999901024]]}},
{"type":"Feature","properties":{"port":"Burnmouth","port_code":1001.0,"lat":55.843,"long_":-2.071},"geometry":{"type":"MultiPoint","coordinates":[[-2.07100000014907,55.843000000050893]]}},
{"type":"Feature","properties":{"port":"Campbeltown","port_code":2721.0,"lat":55.417,"long_":-5.6},"geometry":{"type":"MultiPoint","coordinates":[[-5.600000000398893,55.416999999751113]]}},
{"type":"Feature","properties":{"port":"Carradale","port_code":2723.0,"lat":55.592,"long_":-5.463},"geometry":{"type":"MultiPoint","coordinates":[[-5.463000000348927,55.592000000300686]]}},
{"type":"Feature","properties":{"port":"Cherbourg","port_code":3005.0,"lat":49.65,"long_":-1.65},"geometry":{"type":"MultiPoint","coordinates":[[-1.650000000199043,49.649999999801082]]}},
{"type":"Feature","properties":{"port":"Collafirth","port_code":2228.0,"lat":60.401,"long_":-1.219},"geometry":{"type":"MultiPoint","coordinates":[[-1.21899999954951,60.401000000150816]]}},
{"type":"Feature","properties":{"port":"Colonsay","port_code":2715.0,"lat":56.069,"long_":-6.187},"geometry":{"type":"MultiPoint","coordinates":[[-6.186999999549528,56.06899999985103]]}},
{"type":"Feature","properties":{"port":"Conwy","port_code":802.0,"lat":53.283,"long_":-3.833},"geometry":{"type":"MultiPoint","coordinates":[[-3.832999999649473,53.28299999995096]]}},
{"type":"Feature","properties":{"port":"Crinan","port_code":2714.0,"lat":56.083,"long_":-5.55},"geometry":{"type":"MultiPoint","coordinates":[[-5.549999999599493,56.082999999751109]]}},
{"type":"Feature","properties":{"port":"Cromer","port_code":431.0,"lat":52.933,"long_":1.3},"geometry":{"type":"MultiPoint","coordinates":[[1.300000000200669,52.932999999751132]]}},
{"type":"Feature","properties":{"port":"Cuan","port_code":2638.0,"lat":56.267,"long_":-5.617},"geometry":{"type":"MultiPoint","coordinates":[[-5.617000000149062,56.266999999851066]]}},
{"type":"Feature","properties":{"port":"Dartmouth","port_code":720.0,"lat":50.35,"long_":-3.583},"geometry":{"type":"MultiPoint","coordinates":[[-3.58300000014907,50.350000000200794]]}},
{"type":"Feature","properties":{"port":"Douglas","port_code":75.0,"lat":54.15,"long_":-4.46667},"geometry":{"type":"MultiPoint","coordinates":[[-4.466669999819828,54.149999999801082]]}},
{"type":"Feature","properties":{"port":"Dunbar","port_code":1103.0,"lat":55.983,"long_":-2.483},"geometry":{"type":"MultiPoint","coordinates":[[-2.482999999649451,55.982999999950948]]}},
{"type":"Feature","properties":{"port":"Dunvegan","port_code":2517.0,"lat":57.433,"long_":-6.583},"geometry":{"type":"MultiPoint","coordinates":[[-6.582999999549543,57.432999999751132]]}},
{"type":"Feature","properties":{"port":"Eastbourne","port_code":632.0,"lat":50.7933,"long_":0.324722},"geometry":{"type":"MultiPoint","coordinates":[[0.324722000121028,50.79329999969616]]}},
{"type":"Feature","properties":{"port":"Exmouth","port_code":706.0,"lat":50.619,"long_":-3.413},"geometry":{"type":"MultiPoint","coordinates":[[-3.41299999994925,50.618999999950972]]}},
{"type":"Feature","properties":{"port":"Eyemouth","port_code":1003.0,"lat":55.867,"long_":-2.083},"geometry":{"type":"MultiPoint","coordinates":[[-2.082999999549543,55.866999999751101]]}},
{"type":"Feature","properties":{"port":"Fionnphort","port_code":2641.0,"lat":56.317,"long_":-6.35},"geometry":{"type":"MultiPoint","coordinates":[[-6.349999999799365,56.316999999751147]]}},
{"type":"Feature","properties":{"port":"Fishguard","port_code":837.0,"lat":51.993,"long_":-4.974},"geometry":{"type":"MultiPoint","coordinates":[[-4.973999999599471,51.992999999651204]]}},
{"type":"Feature","properties":{"port":"Folkestone","port_code":617.0,"lat":51.079,"long_":1.189},"geometry":{"type":"MultiPoint","coordinates":[[1.189000000350575,51.07899999975109]]}},
{"type":"Feature","properties":{"port":"Fort William","port_code":2605.0,"lat":56.817,"long_":-5.083},"geometry":{"type":"MultiPoint","coordinates":[[-5.082999999849278,56.816999999651216]]}},
{"type":"Feature","properties":{"port":"Fraserburgh","port_code":1607.0,"lat":57.683,"long_":-2.0},"geometry":{"type":"MultiPoint","coordinates":[[-2.00000000039887,57.683000000150798]]}},
{"type":"Feature","properties":{"port":"Gairloch","port_code":2704.0,"lat":57.7,"long_":-5.683},"geometry":{"type":"MultiPoint","coordinates":[[-5.682999999549509,57.699999999901024]]}},
{"type":"Feature","properties":{"port":"Garlieston","port_code":2841.0,"lat":54.788,"long_":-4.364},"geometry":{"type":"MultiPoint","coordinates":[[-4.364000000099111,54.78800000000092]]}},
{"type":"Feature","properties":{"port":"Gigha","port_code":2703.0,"lat":55.675,"long_":-5.736},"geometry":{"type":"MultiPoint","coordinates":[[-5.736000000199056,55.675000000350678]]}},
{"type":"Feature","properties":{"port":"Girvan","port_code":2827.0,"lat":55.233,"long_":-4.85},"geometry":{"type":"MultiPoint","coordinates":[[-4.850000000099101,55.232999999651213]]}},
{"type":"Feature","properties":{"port":"Gourdon","port_code":1309.0,"lat":56.828,"long_":-2.284},"geometry":{"type":"MultiPoint","coordinates":[[-2.284000000298931,56.827999999701149]]}},
{"type":"Feature","properties":{"port":"Gourock","port_code":2809.0,"lat":55.95,"long_":-4.8},"geometry":{"type":"MultiPoint","coordinates":[[-4.80000000019902,55.949999999801094]]}},
{"type":"Feature","properties":{"port":"Granton","port_code":1115.0,"lat":55.983,"long_":-3.2},"geometry":{"type":"MultiPoint","coordinates":[[-3.199999999799331,55.982999999950948]]}},
{"type":"Feature","properties":{"port":"Greencastle","port_code":9001.0,"lat":55.204,"long_":-6.979},"geometry":{"type":"MultiPoint","coordinates":[[-6.978999999549558,55.203999999601251]]}},
{"type":"Feature","properties":{"port":"Greenock","port_code":2807.0,"lat":55.933,"long_":-4.733},"geometry":{"type":"MultiPoint","coordinates":[[-4.732999999649451,55.933000000050924]]}},
{"type":"Feature","properties":{"port":"Grimsby","port_code":301.0,"lat":53.533,"long_":0.0},"geometry":{"type":"MultiPoint","coordinates":[[0.000000000100727,53.533000000350683]]}},
{"type":"Feature","properties":{"port":"Gruinard - Aultbea","port_code":2419.0,"lat":57.833,"long_":-5.567},"geometry":{"type":"MultiPoint","coordinates":[[-5.567000000248981,57.83299999985104]]}},
{"type":"Feature","properties":{"port":"Hartlepool","port_code":127.0,"lat":54.683,"long_":-1.217},"geometry":{"type":"MultiPoint","coordinates":[[-1.216999999949223,54.682999999851063]]}},
{"type":"Feature","properties":{"port":"Harwich","port_code":466.0,"lat":51.95,"long_":1.3},"geometry":{"type":"MultiPoint","coordinates":[[1.300000000200669,51.949999999701163]]}},
{"type":"Feature","properties":{"port":"Holy Island","port_code":105.0,"lat":55.667,"long_":-1.8},"geometry":{"type":"MultiPoint","coordinates":[[-1.799999999899285,55.667000000150836]]}},
{"type":"Feature","properties":{"port":"Holyhead","port_code":878.0,"lat":53.3,"long_":-4.633},"geometry":{"type":"MultiPoint","coordinates":[[-4.632999999849289,53.299999999701129]]}},
{"type":"Feature","properties":{"port":"Ilfracombe","port_code":792.0,"lat":51.21,"long_":-4.113},"geometry":{"type":"MultiPoint","coordinates":[[-4.113000000348904,51.210000000100877]]}},
{"type":"Feature","properties":{"port":"Isle Of Whithorn","port_code":2839.0,"lat":54.699,"long_":-4.364},"geometry":{"type":"MultiPoint","coordinates":[[-4.364000000099111,54.699000000250749]]}},
{"type":"Feature","properties":{"port":"Itchenor/East Wittering","port_code":650.0,"lat":50.8,"long_":-0.867},"geometry":{"type":"MultiPoint","coordinates":[[-0.866999999749396,50.800000000200782]]}},
{"type":"Feature","properties":{"port":"John O'Groats","port_code":2025.0,"lat":58.644,"long_":-3.07},"geometry":{"type":"MultiPoint","coordinates":[[-3.069999999699405,58.644000000100846]]}},
{"type":"Feature","properties":{"port":"Jura","port_code":2713.0,"lat":56.017,"long_":-5.917},"geometry":{"type":"MultiPoint","coordinates":[[-5.916999999549546,56.017000000350663]]}},
{"type":"Feature","properties":{"port":"Kallin","port_code":2343.0,"lat":57.467,"long_":-7.2},"geometry":{"type":"MultiPoint","coordinates":[[-7.199999999899262,57.467000000150847]]}},
{"type":"Feature","properties":{"port":"Kilchoan","port_code":2852.0,"lat":56.7282,"long_":-6.14685},"geometry":{"type":"MultiPoint","coordinates":[[-6.146849999726896,56.728200000130812]]}},
{"type":"Feature","properties":{"port":"Kilkeel","port_code":10.0,"lat":54.067,"long_":-6.0},"geometry":{"type":"MultiPoint","coordinates":[[-5.999999999599481,54.066999999751147]]}},
{"type":"Feature","properties":{"port":"Kings Lynn","port_code":326.0,"lat":52.75,"long_":0.383},"geometry":{"type":"MultiPoint","coordinates":[[0.383000000450465,52.749999999900979]]}},
{"type":"Feature","properties":{"port":"Kinlochbervie","port_code":2409.0,"lat":58.45,"long_":-5.05},"geometry":{"type":"MultiPoint","coordinates":[[-5.049999999699423,58.450000000200816]]}},
{"type":"Feature","properties":{"port":"Kirkwall","port_code":2113.0,"lat":58.983,"long_":-2.95},"geometry":{"type":"MultiPoint","coordinates":[[-2.950000000298985,58.98300000025074]]}},
{"type":"Feature","properties":{"port":"Kyle","port_code":2507.0,"lat":57.267,"long_":-5.7},"geometry":{"type":"MultiPoint","coordinates":[[-5.700000000199054,57.266999999651205]]}},
{"type":"Feature","properties":{"port":"Kylesku","port_code":2700.0,"lat":58.25,"long_":-5.017},"geometry":{"type":"MultiPoint","coordinates":[[-5.016999999549512,58.249999999701174]]}},
{"type":"Feature","properties":{"port":"Langstone Harbour","port_code":649.0,"lat":50.833,"long_":-0.983},"geometry":{"type":"MultiPoint","coordinates":[[-0.982999999949243,50.833000000350637]]}},
{"type":"Feature","properties":{"port":"Largs","port_code":2808.0,"lat":55.7833,"long_":-4.85},"geometry":{"type":"MultiPoint","coordinates":[[-4.850000000099101,55.7832999997961]]}},
{"type":"Feature","properties":{"port":"Lerwick","port_code":2205.0,"lat":60.163,"long_":-1.158},"geometry":{"type":"MultiPoint","coordinates":[[-1.157999999599497,60.163000000050886]]}},
{"type":"Feature","properties":{"port":"Leverburgh","port_code":2335.0,"lat":57.767,"long_":-7.017},"geometry":{"type":"MultiPoint","coordinates":[[-7.017000000049165,57.767000000450594]]}},
{"type":"Feature","properties":{"port":"Lochboisdale","port_code":2331.0,"lat":57.15,"long_":-7.3},"geometry":{"type":"MultiPoint","coordinates":[[-7.299999999699423,57.150000000100874]]}},
{"type":"Feature","properties":{"port":"Lochinver","port_code":2415.0,"lat":58.15,"long_":-5.233},"geometry":{"type":"MultiPoint","coordinates":[[-5.23299999954952,58.149999999901013]]}},
{"type":"Feature","properties":{"port":"Looe","port_code":736.0,"lat":50.35,"long_":-4.45},"geometry":{"type":"MultiPoint","coordinates":[[-4.449999999999193,50.350000000200794]]}},
{"type":"Feature","properties":{"port":"Lowestoft","port_code":401.0,"lat":52.483,"long_":1.75},"geometry":{"type":"MultiPoint","coordinates":[[1.750000000200657,52.482999999751144]]}},
{"type":"Feature","properties":{"port":"Luing","port_code":2609.0,"lat":56.267,"long_":-5.633},"geometry":{"type":"MultiPoint","coordinates":[[-5.632999999649428,56.266999999851066]]}},
{"type":"Feature","properties":{"port":"Lulworth Cove","port_code":668.0,"lat":50.619,"long_":-2.25},"geometry":{"type":"MultiPoint","coordinates":[[-2.249999999899273,50.618999999950972]]}},
{"type":"Feature","properties":{"port":"Lyme Regis","port_code":690.0,"lat":50.733,"long_":-2.933},"geometry":{"type":"MultiPoint","coordinates":[[-2.932999999649439,50.732999999651213]]}},
{"type":"Feature","properties":{"port":"Magheroarty","port_code":9096.0,"lat":55.0303,"long_":-8.1408},"geometry":{"type":"MultiPoint","coordinates":[[-8.140800000019169,55.030299999646218]]}},
{"type":"Feature","properties":{"port":"Mallaig","port_code":2523.0,"lat":57.0,"long_":-5.817},"geometry":{"type":"MultiPoint","coordinates":[[-5.816999999749385,57.000000000400632]]}},
{"type":"Feature","properties":{"port":"Maryport","port_code":985.0,"lat":54.7,"long_":-3.5},"geometry":{"type":"MultiPoint","coordinates":[[-3.500000000099135,54.699999999601232]]}},
{"type":"Feature","properties":{"port":"Mevagissey","port_code":742.0,"lat":50.267,"long_":-4.783},"geometry":{"type":"MultiPoint","coordinates":[[-4.782999999549531,50.267000000150801]]}},
{"type":"Feature","properties":{"port":"Milford Haven","port_code":801.0,"lat":51.717,"long_":-5.033},"geometry":{"type":"MultiPoint","coordinates":[[-5.032999999949254,51.716999999950986]]}},
{"type":"Feature","properties":{"port":"Mylor","port_code":752.0,"lat":50.167,"long_":-5.05},"geometry":{"type":"MultiPoint","coordinates":[[-5.049999999699423,50.16700000035064]]}},
{"type":"Feature","properties":{"port":"Newcastle (Co. Down)","port_code":12.0,"lat":54.217,"long_":-5.9},"geometry":{"type":"MultiPoint","coordinates":[[-5.89999999979932,54.217000000350652]]}},
{"type":"Feature","properties":{"port":"Newhaven","port_code":635.0,"lat":50.789,"long_":0.057},"geometry":{"type":"MultiPoint","coordinates":[[0.056999999950847,50.789000000150793]]}},
{"type":"Feature","properties":{"port":"Newlyn","port_code":702.0,"lat":50.101,"long_":-5.554},"geometry":{"type":"MultiPoint","coordinates":[[-5.553999999699442,50.101000000050874]]}},
{"type":"Feature","properties":{"port":"Newquay","port_code":778.0,"lat":50.417,"long_":-5.083},"geometry":{"type":"MultiPoint","coordinates":[[-5.082999999849278,50.416999999851043]]}},
{"type":"Feature","properties":{"port":"North Shields","port_code":101.0,"lat":55.005,"long_":-1.473},"geometry":{"type":"MultiPoint","coordinates":[[-1.473000000049126,55.005000000250732]]}},
{"type":"Feature","properties":{"port":"North Uist","port_code":2326.0,"lat":57.6,"long_":-7.15},"geometry":{"type":"MultiPoint","coordinates":[[-7.149999999999181,57.600000000100863]]}},
{"type":"Feature","properties":{"port":"Northbay","port_code":2339.0,"lat":57.0,"long_":-7.4},"geometry":{"type":"MultiPoint","coordinates":[[-7.400000000398904,57.000000000400632]]}},
{"type":"Feature","properties":{"port":"Oban","port_code":2607.0,"lat":56.4,"long_":-5.467},"geometry":{"type":"MultiPoint","coordinates":[[-5.466999999549557,56.399999999801082]]}},
{"type":"Feature","properties":{"port":"Orkney","port_code":2110.0,"lat":59.067,"long_":-2.883},"geometry":{"type":"MultiPoint","coordinates":[[-2.882999999749359,59.066999999651216]]}},
{"type":"Feature","properties":{"port":"Padstow","port_code":781.0,"lat":50.533,"long_":-4.933},"geometry":{"type":"MultiPoint","coordinates":[[-4.933000000149093,50.53300000005089]]}},
{"type":"Feature","properties":{"port":"Peterhead","port_code":1509.0,"lat":57.502,"long_":-1.778},"geometry":{"type":"MultiPoint","coordinates":[[-1.777999999799363,57.501999999900988]]}},
{"type":"Feature","properties":{"port":"Pittenweem","port_code":1205.0,"lat":56.217,"long_":-2.733},"geometry":{"type":"MultiPoint","coordinates":[[-2.733000000049174,56.216999999950986]]}},
{"type":"Feature","properties":{"port":"Plymouth","port_code":701.0,"lat":50.364,"long_":-4.134},"geometry":{"type":"MultiPoint","coordinates":[[-4.134000000199023,50.364000000100873]]}},
{"type":"Feature","properties":{"port":"Polperro","port_code":738.0,"lat":50.333,"long_":-4.533},"geometry":{"type":"MultiPoint","coordinates":[[-4.533000000049128,50.333000000450568]]}},
{"type":"Feature","properties":{"port":"Polruan","port_code":739.0,"lat":50.33,"long_":-4.635},"geometry":{"type":"MultiPoint","coordinates":[[-4.635000000348953,50.329999999701158]]}},
{"type":"Feature","properties":{"port":"Poole","port_code":602.0,"lat":50.717,"long_":-2.0},"geometry":{"type":"MultiPoint","coordinates":[[-2.00000000039887,50.71700000015079]]}},
{"type":"Feature","properties":{"port":"Port Ellen","port_code":2705.0,"lat":55.617,"long_":-6.183},"geometry":{"type":"MultiPoint","coordinates":[[-6.183000000348954,55.617000000250755]]}},
{"type":"Feature","properties":{"port":"Port Seton","port_code":1107.0,"lat":55.967,"long_":-2.933},"geometry":{"type":"MultiPoint","coordinates":[[-2.932999999649439,55.967000000450582]]}},
{"type":"Feature","properties":{"port":"Port St Mary","port_code":65.0,"lat":54.0714,"long_":-4.73195},"geometry":{"type":"MultiPoint","coordinates":[[-4.731949999791823,54.071400000310689]]}},
{"type":"Feature","properties":{"port":"Port William","port_code":2837.0,"lat":54.76,"long_":-4.584},"geometry":{"type":"MultiPoint","coordinates":[[-4.584000000199012,54.760000000200762]]}},
{"type":"Feature","properties":{"port":"Portaskaig","port_code":2707.0,"lat":55.833,"long_":-6.1},"geometry":{"type":"MultiPoint","coordinates":[[-6.100000000298962,55.833000000250763]]}},
{"type":"Feature","properties":{"port":"Portavogie","port_code":30.0,"lat":54.45,"long_":-5.45},"geometry":{"type":"MultiPoint","coordinates":[[-5.449999999799331,54.450000000100829]]}},
{"type":"Feature","properties":{"port":"Portland","port_code":670.0,"lat":50.6,"long_":-2.45},"geometry":{"type":"MultiPoint","coordinates":[[-2.450000000398859,50.59999999970114]]}},
{"type":"Feature","properties":{"port":"Portnahaven","port_code":2728.0,"lat":55.667,"long_":-6.5},"geometry":{"type":"MultiPoint","coordinates":[[-6.50000000039887,55.667000000150836]]}},
{"type":"Feature","properties":{"port":"Portree","port_code":2513.0,"lat":57.4,"long_":-6.183},"geometry":{"type":"MultiPoint","coordinates":[[-6.183000000348954,57.399999999601221]]}},
{"type":"Feature","properties":{"port":"Portsmouth","port_code":654.0,"lat":50.797,"long_":-1.108},"geometry":{"type":"MultiPoint","coordinates":[[-1.107999999699416,50.797000000350636]]}},
{"type":"Feature","properties":{"port":"Pwllheli","port_code":868.0,"lat":52.883,"long_":-4.417},"geometry":{"type":"MultiPoint","coordinates":[[-4.416999999849281,52.882999999851052]]}},
{"type":"Feature","properties":{"port":"Queenborough","port_code":549.0,"lat":51.417,"long_":0.767},"geometry":{"type":"MultiPoint","coordinates":[[0.767000000150688,51.416999999651182]]}},
{"type":"Feature","properties":{"port":"Ramsgate","port_code":610.0,"lat":51.329,"long_":1.419},"geometry":{"type":"MultiPoint","coordinates":[[1.419000000250662,51.329000000150813]]}},
{"type":"Feature","properties":{"port":"Rathlin Island","port_code":57.0,"lat":55.283,"long_":-6.183},"geometry":{"type":"MultiPoint","coordinates":[[-6.183000000348954,55.283000000450613]]}},
{"type":"Feature","properties":{"port":"Red Bay","port_code":26.0,"lat":55.0662,"long_":-6.05241},"geometry":{"type":"MultiPoint","coordinates":[[-6.0524100000207,55.066200000430626]]}},
{"type":"Feature","properties":{"port":"River Dart","port_code":721.0,"lat":50.333,"long_":-3.55},"geometry":{"type":"MultiPoint","coordinates":[[-3.549999999999216,50.333000000450568]]}},
{"type":"Feature","properties":{"port":"River Fal - Falmouth","port_code":746.0,"lat":50.148,"long_":-5.076},"geometry":{"type":"MultiPoint","coordinates":[[-5.075999999899238,50.148000000100865]]}},
{"type":"Feature","properties":{"port":"Salcombe","port_code":725.0,"lat":50.233,"long_":-3.783},"geometry":{"type":"MultiPoint","coordinates":[[-3.782999999749393,50.232999999751087]]}},
{"type":"Feature","properties":{"port":"Saundersfoot","port_code":812.0,"lat":51.709,"long_":-4.7},"geometry":{"type":"MultiPoint","coordinates":[[-4.700000000398916,51.708999999751086]]}},
{"type":"Feature","properties":{"port":"Scalloway and Isles","port_code":2217.0,"lat":60.133,"long_":-1.3},"geometry":{"type":"MultiPoint","coordinates":[[-1.299999999999159,60.132999999751121]]}},
{"type":"Feature","properties":{"port":"Scalpay","port_code":2319.0,"lat":57.867,"long_":-6.7},"geometry":{"type":"MultiPoint","coordinates":[[-6.699999999999193,57.867000000250755]]}},
{"type":"Feature","properties":{"port":"Scarborough","port_code":217.0,"lat":54.287,"long_":-0.414},"geometry":{"type":"MultiPoint","coordinates":[[-0.413999999899261,54.286999999851048]]}},
{"type":"Feature","properties":{"port":"Scilly Isles","port_code":767.0,"lat":49.917,"long_":-6.333},"geometry":{"type":"MultiPoint","coordinates":[[-6.33300000004914,49.916999999950974]]}},
{"type":"Feature","properties":{"port":"Scrabster","port_code":2035.0,"lat":58.6,"long_":-3.533},"geometry":{"type":"MultiPoint","coordinates":[[-3.53300000024899,58.599999999901002]]}},
{"type":"Feature","properties":{"port":"Seaham","port_code":125.0,"lat":54.837,"long_":-1.338},"geometry":{"type":"MultiPoint","coordinates":[[-1.337999999599504,54.836999999651198]]}},
{"type":"Feature","properties":{"port":"Seahouses","port_code":108.0,"lat":55.583,"long_":-1.667},"geometry":{"type":"MultiPoint","coordinates":[[-1.666999999949212,55.58299999985104]]}},
{"type":"Feature","properties":{"port":"Selsey","port_code":647.0,"lat":50.733,"long_":-0.8},"geometry":{"type":"MultiPoint","coordinates":[[-0.800000000099089,50.732999999651213]]}},
{"type":"Feature","properties":{"port":"Sheerness","port_code":531.0,"lat":51.433,"long_":0.767},"geometry":{"type":"MultiPoint","coordinates":[[0.767000000150688,51.433000000050868]]}},
{"type":"Feature","properties":{"port":"Shieldaig","port_code":2854.0,"lat":57.6483,"long_":-6.2677},"geometry":{"type":"MultiPoint","coordinates":[[-6.26769999965444,57.648299999846074]]}},
{"type":"Feature","properties":{"port":"Shoreham-by-Sea","port_code":639.0,"lat":50.833,"long_":-0.2667},"geometry":{"type":"MultiPoint","coordinates":[[-0.266699999704429,50.833000000350637]]}},
{"type":"Feature","properties":{"port":"Silloth","port_code":987.0,"lat":54.868,"long_":-3.395},"geometry":{"type":"MultiPoint","coordinates":[[-3.394999999949221,54.868000000200766]]}},
{"type":"Feature","properties":{"port":"Skeld","port_code":2231.0,"lat":60.167,"long_":-1.417},"geometry":{"type":"MultiPoint","coordinates":[[-1.416999999549546,60.167000000150836]]}},
{"type":"Feature","properties":{"port":"Sleat","port_code":2509.0,"lat":57.098,"long_":-5.865},"geometry":{"type":"MultiPoint","coordinates":[[-5.865000000049179,57.097999999701187]]}},
{"type":"Feature","properties":{"port":"South Ronaldsay","port_code":2127.0,"lat":58.733,"long_":-2.967},"geometry":{"type":"MultiPoint","coordinates":[[-2.967000000049154,58.732999999851074]]}},
{"type":"Feature","properties":{"port":"South Uist and Eriskay","port_code":2330.0,"lat":57.07,"long_":-7.27877},"geometry":{"type":"MultiPoint","coordinates":[[-7.278770000034683,57.069999999901029]]}},
{"type":"Feature","properties":{"port":"Southampton","port_code":655.0,"lat":50.9,"long_":-1.4},"geometry":{"type":"MultiPoint","coordinates":[[-1.39999999979932,50.900000000000944]]}},
{"type":"Feature","properties":{"port":"St Mawes","port_code":745.0,"lat":50.15,"long_":-5.017},"geometry":{"type":"MultiPoint","coordinates":[[-5.016999999549512,50.149999999701151]]}},
{"type":"Feature","properties":{"port":"Stockinish","port_code":2337.0,"lat":57.823,"long_":-6.839},"geometry":{"type":"MultiPoint","coordinates":[[-6.838999999649445,57.823000000050911]]}},
{"type":"Feature","properties":{"port":"Stonehaven","port_code":1403.0,"lat":56.967,"long_":-2.2},"geometry":{"type":"MultiPoint","coordinates":[[-2.199999999999193,56.967000000250721]]}},
{"type":"Feature","properties":{"port":"Stornoway","port_code":2305.0,"lat":58.2,"long_":-6.383},"geometry":{"type":"MultiPoint","coordinates":[[-6.38299999994922,58.199999999801094]]}},
{"type":"Feature","properties":{"port":"Stromness","port_code":2121.0,"lat":58.964,"long_":-3.297},"geometry":{"type":"MultiPoint","coordinates":[[-3.296999999749403,58.964000000000965]]}},
{"type":"Feature","properties":{"port":"Stronsay","port_code":2107.0,"lat":59.15,"long_":-2.6},"geometry":{"type":"MultiPoint","coordinates":[[-2.600000000099101,59.149999999701151]]}},
{"type":"Feature","properties":{"port":"Sunderland","port_code":120.0,"lat":54.912,"long_":-1.383},"geometry":{"type":"MultiPoint","coordinates":[[-1.383000000049151,54.91200000040061]]}},
{"type":"Feature","properties":{"port":"Swansea","port_code":805.0,"lat":51.617,"long_":-3.933},"geometry":{"type":"MultiPoint","coordinates":[[-3.933000000348898,51.617000000150824]]}},
{"type":"Feature","properties":{"port":"Symbister","port_code":2220.0,"lat":60.317,"long_":-1.0},"geometry":{"type":"MultiPoint","coordinates":[[-0.999999999699412,60.316999999851078]]}},
{"type":"Feature","properties":{"port":"Tarbert","port_code":2725.0,"lat":55.8653,"long_":-5.40639},"geometry":{"type":"MultiPoint","coordinates":[[-5.406389999597991,55.865299999596232]]}},
{"type":"Feature","properties":{"port":"Tayinloan","port_code":2720.0,"lat":55.667,"long_":-5.65},"geometry":{"type":"MultiPoint","coordinates":[[-5.650000000298974,55.667000000150836]]}},
{"type":"Feature","properties":{"port":"Tayvallich","port_code":2716.0,"lat":56.017,"long_":-5.617},"geometry":{"type":"MultiPoint","coordinates":[[-5.617000000149062,56.017000000350663]]}},
{"type":"Feature","properties":{"port":"Teignmouth","port_code":713.0,"lat":50.546,"long_":-3.499},"geometry":{"type":"MultiPoint","coordinates":[[-3.498999999849275,50.545999999701166]]}},
{"type":"Feature","properties":{"port":"Tingwall","port_code":2102.0,"lat":59.083,"long_":-3.017},"geometry":{"type":"MultiPoint","coordinates":[[-3.016999999949235,59.083000000050902]]}},
{"type":"Feature","properties":{"port":"Tobermory (Isle Of Mull)","port_code":2611.0,"lat":56.633,"long_":-6.083},"geometry":{"type":"MultiPoint","coordinates":[[-6.082999999649473,56.633000000450579]]}},
{"type":"Feature","properties":{"port":"Uig","port_code":2853.0,"lat":57.0228,"long_":-5.77057},"geometry":{"type":"MultiPoint","coordinates":[[-5.770569999904751,57.022799999621213]]}},
{"type":"Feature","properties":{"port":"Ullapool","port_code":2418.0,"lat":57.9,"long_":-5.167},"geometry":{"type":"MultiPoint","coordinates":[[-5.167000000149073,57.90000000040061]]}},
{"type":"Feature","properties":{"port":"Ulva Ferry","port_code":2642.0,"lat":56.483,"long_":-6.133},"geometry":{"type":"MultiPoint","coordinates":[[-6.133000000448874,56.482999999851074]]}},
{"type":"Feature","properties":{"port":"Walton-On-Naze","port_code":467.0,"lat":51.867,"long_":1.267},"geometry":{"type":"MultiPoint","coordinates":[[1.267000000050757,51.866999999651171]]}},
{"type":"Feature","properties":{"port":"Wells","port_code":406.0,"lat":51.209,"long_":-2.649},"geometry":{"type":"MultiPoint","coordinates":[[-2.648999999749378,51.208999999851017]]}},
{"type":"Feature","properties":{"port":"West Bay","port_code":680.0,"lat":50.711,"long_":-2.764},"geometry":{"type":"MultiPoint","coordinates":[[-2.763999999699422,50.711000000450611]]}},
{"type":"Feature","properties":{"port":"West Burrafirth","port_code":2233.0,"lat":60.3,"long_":-1.517},"geometry":{"type":"MultiPoint","coordinates":[[-1.51700000024897,60.300000000100852]]}},
{"type":"Feature","properties":{"port":"West Loch Tarbert","port_code":2701.0,"lat":55.85,"long_":-5.433},"geometry":{"type":"MultiPoint","coordinates":[[-5.433000000049162,55.850000000000932]]}},
{"type":"Feature","properties":{"port":"West Mersea","port_code":478.0,"lat":51.783,"long_":0.917},"geometry":{"type":"MultiPoint","coordinates":[[0.91699999985093,51.783000000250752]]}},
{"type":"Feature","properties":{"port":"Westray","port_code":2103.0,"lat":59.317,"long_":-2.967},"geometry":{"type":"MultiPoint","coordinates":[[-2.967000000049154,59.317000000050882]]}},
{"type":"Feature","properties":{"port":"Weymouth","port_code":669.0,"lat":50.6,"long_":-2.45},"geometry":{"type":"MultiPoint","coordinates":[[-2.450000000398859,50.59999999970114]]}},
{"type":"Feature","properties":{"port":"Whalsay","port_code":2207.0,"lat":60.35,"long_":-1.033},"geometry":{"type":"MultiPoint","coordinates":[[-1.032999999849324,60.350000000000932]]}},
{"type":"Feature","properties":{"port":"Whitby","port_code":213.0,"lat":54.487,"long_":-0.631},"geometry":{"type":"MultiPoint","coordinates":[[-0.631000000149072,54.48700000035069]]}},
{"type":"Feature","properties":{"port":"Whitstable","port_code":550.0,"lat":51.364,"long_":1.026},"geometry":{"type":"MultiPoint","coordinates":[[1.026000000100737,51.363999999901012]]}},
{"type":"Feature","properties":{"port":"Wick","port_code":2015.0,"lat":58.433,"long_":-3.083},"geometry":{"type":"MultiPoint","coordinates":[[-3.083000000249001,58.433000000450591]]}},
{"type":"Feature","properties":{"port":"Wivenhoe","port_code":470.0,"lat":51.85,"long_":0.967},"geometry":{"type":"MultiPoint","coordinates":[[0.96699999975101,51.849999999901002]]}},
{"type":"Feature","properties":{"port":"Abbotsbury","port_code":678.0,"lat":50.667,"long_":-2.6},"geometry":{"type":"MultiPoint","coordinates":[[-2.600000000099101,50.667000000250709]]}},
{"type":"Feature","properties":{"port":"Aberdeen","port_code":1407.0,"lat":57.143,"long_":-2.079},"geometry":{"type":"MultiPoint","coordinates":[[-2.079000000348913,57.143000000150835]]}},
{"type":"Feature","properties":{"port":"Aberystwyth","port_code":849.0,"lat":52.417,"long_":-4.083},"geometry":{"type":"MultiPoint","coordinates":[[-4.08300000004914,52.41700000035064]]}},
{"type":"Feature","properties":{"port":"Alloa","port_code":1117.0,"lat":56.114,"long_":-3.799},"geometry":{"type":"MultiPoint","coordinates":[[-3.799000000149078,56.114000000300734]]}},
{"type":"Feature","properties":{"port":"Amble","port_code":115.0,"lat":55.333,"long_":-1.583},"geometry":{"type":"MultiPoint","coordinates":[[-1.582999999649473,55.333000000350694]]}},
{"type":"Feature","properties":{"port":"Amlwch","port_code":879.0,"lat":53.412,"long_":-4.334},"geometry":{"type":"MultiPoint","coordinates":[[-4.333999999799346,53.411999999801083]]}},
{"type":"Feature","properties":{"port":"Arbroath","port_code":1303.0,"lat":56.556,"long_":-2.583},"geometry":{"type":"MultiPoint","coordinates":[[-2.583000000348932,56.55600000010088]]}},
{"type":"Feature","properties":{"port":"Ardglass","port_code":20.0,"lat":54.26,"long_":-5.602},"geometry":{"type":"MultiPoint","coordinates":[[-5.60199999999918,54.260000000300693]]}},
{"type":"Feature","properties":{"port":"Ardrossan","port_code":2820.0,"lat":55.641,"long_":-4.82},"geometry":{"type":"MultiPoint","coordinates":[[-4.819999999799336,55.640999999950964]]}},
{"type":"Feature","properties":{"port":"Ballycastle","port_code":56.0,"lat":55.207,"long_":-6.241},"geometry":{"type":"MultiPoint","coordinates":[[-6.240999999549558,55.207000000350661]]}},
{"type":"Feature","properties":{"port":"Baltasound","port_code":2855.0,"lat":60.6853,"long_":-0.861053},"geometry":{"type":"MultiPoint","coordinates":[[-0.861052999795277,60.685300000395671]]}},
{"type":"Feature","properties":{"port":"Bangor","port_code":888.0,"lat":53.233,"long_":-4.117},"geometry":{"type":"MultiPoint","coordinates":[[-4.116999999549535,53.233000000050879]]}},
{"type":"Feature","properties":{"port":"Bangor (Co. Down)","port_code":38.0,"lat":54.65,"long_":-5.7},"geometry":{"type":"MultiPoint","coordinates":[[-5.700000000199054,54.649999999701151]]}},
{"type":"Feature","properties":{"port":"Barra","port_code":2346.0,"lat":57.009,"long_":-7.403},"geometry":{"type":"MultiPoint","coordinates":[[-7.403000000248994,57.008999999950959]]}},
{"type":"Feature","properties":{"port":"BEMBRIDGE","port_code":664.0,"lat":50.683,"long_":-1.083},"geometry":{"type":"MultiPoint","coordinates":[[-1.082999999749347,50.682999999751132]]}},
{"type":"Feature","properties":{"port":"Blyth","port_code":118.0,"lat":55.121,"long_":-1.514},"geometry":{"type":"MultiPoint","coordinates":[[-1.51400000039888,55.121000000450579]]}},
{"type":"Feature","properties":{"port":"Boston","port_code":321.0,"lat":52.983,"long_":0.0},"geometry":{"type":"MultiPoint","coordinates":[[0.000000000100727,52.982999999651213]]}},
{"type":"Feature","properties":{"port":"Bracadale","port_code":2519.0,"lat":57.35,"long_":-6.4},"geometry":{"type":"MultiPoint","coordinates":[[-6.399999999699446,57.34999999970114]]}},
{"type":"Feature","properties":{"port":"Brancaster Staithe","port_code":403.0,"lat":52.967,"long_":0.667},"geometry":{"type":"MultiPoint","coordinates":[[0.667000000350583,52.96700000015079]]}},
{"type":"Feature","properties":{"port":"Bridlington","port_code":225.0,"lat":54.095,"long_":-0.208},"geometry":{"type":"MultiPoint","coordinates":[[-0.207999999699382,54.095000000450568]]}},
{"type":"Feature","properties":{"port":"Brightlingsea","port_code":476.0,"lat":51.8,"long_":1.033},"geometry":{"type":"MultiPoint","coordinates":[[1.033000000050777,51.800000000000921]]}},
{"type":"Feature","properties":{"port":"Brixham","port_code":717.0,"lat":50.383,"long_":-3.5},"geometry":{"type":"MultiPoint","coordinates":[[-3.500000000099135,50.383000000350648]]}},
{"type":"Feature","properties":{"port":"Brodick","port_code":2734.0,"lat":55.567,"long_":-5.133},"geometry":{"type":"MultiPoint","coordinates":[[-5.132999999749359,55.567000000350674]]}},
{"type":"Feature","properties":{"port":"Buckie","port_code":1805.0,"lat":57.667,"long_":-2.95},"geometry":{"type":"MultiPoint","coordinates":[[-2.950000000298985,57.666999999751113]]}},
{"type":"Feature","properties":{"port":"Burghead","port_code":1905.0,"lat":57.7,"long_":-3.483},"geometry":{"type":"MultiPoint","coordinates":[[-3.483000000348909,57.699999999901024]]}},
{"type":"Feature","properties":{"port":"Burray","port_code":2119.0,"lat":58.85,"long_":-2.917},"geometry":{"type":"MultiPoint","coordinates":[[-2.917000000149073,58.850000000300724]]}},
{"type":"Feature","properties":{"port":"Burtonport","port_code":9099.0,"lat":54.987,"long_":-8.433},"geometry":{"type":"MultiPoint","coordinates":[[-8.433000000348954,54.98700000025076]]}},
{"type":"Feature","properties":{"port":"Campbeltown","port_code":2721.0,"lat":55.417,"long_":-5.6},"geometry":{"type":"MultiPoint","coordinates":[[-5.600000000398893,55.416999999751113]]}},
{"type":"Feature","properties":{"port":"Carbost","port_code":2851.0,"lat":57.183,"long_":-6.2},"geometry":{"type":"MultiPoint","coordinates":[[-6.200000000099124,57.183000000250729]]}},
{"type":"Feature","properties":{"port":"Cawsand","port_code":703.0,"lat":50.331,"long_":-4.202},"geometry":{"type":"MultiPoint","coordinates":[[-4.202000000099133,50.330999999950961]]}},
{"type":"Feature","properties":{"port":"Cherbourg","port_code":3005.0,"lat":49.65,"long_":-1.65},"geometry":{"type":"MultiPoint","coordinates":[[-1.650000000199043,49.649999999801082]]}},
{"type":"Feature","properties":{"port":"Collafirth","port_code":2228.0,"lat":60.401,"long_":-1.219},"geometry":{"type":"MultiPoint","coordinates":[[-1.21899999954951,60.401000000150816]]}},
{"type":"Feature","properties":{"port":"Craighouse","port_code":2730.0,"lat":55.832,"long_":-5.949},"geometry":{"type":"MultiPoint","coordinates":[[-5.949000000348917,55.83200000000096]]}},
{"type":"Feature","properties":{"port":"Crinan","port_code":2714.0,"lat":56.083,"long_":-5.55},"geometry":{"type":"MultiPoint","coordinates":[[-5.549999999599493,56.082999999751109]]}},
{"type":"Feature","properties":{"port":"Cullivoe","port_code":2223.0,"lat":60.7,"long_":-1.0},"geometry":{"type":"MultiPoint","coordinates":[[-0.999999999699412,60.700000000200816]]}},
{"type":"Feature","properties":{"port":"Dartmouth","port_code":720.0,"lat":50.35,"long_":-3.583},"geometry":{"type":"MultiPoint","coordinates":[[-3.58300000014907,50.350000000200794]]}},
{"type":"Feature","properties":{"port":"Donaghadee","port_code":39.0,"lat":54.633,"long_":-5.533},"geometry":{"type":"MultiPoint","coordinates":[[-5.532999999849324,54.632999999950982]]}},
{"type":"Feature","properties":{"port":"Douglas","port_code":75.0,"lat":54.15,"long_":-4.46667},"geometry":{"type":"MultiPoint","coordinates":[[-4.466669999819828,54.149999999801082]]}},
{"type":"Feature","properties":{"port":"Dun Laoghaire","port_code":9295.0,"lat":53.3,"long_":-6.135},"geometry":{"type":"MultiPoint","coordinates":[[-6.13500000004916,53.299999999701129]]}},
{"type":"Feature","properties":{"port":"Dunbar","port_code":1103.0,"lat":55.983,"long_":-2.483},"geometry":{"type":"MultiPoint","coordinates":[[-2.482999999649451,55.982999999950948]]}},
{"type":"Feature","properties":{"port":"Dunvegan","port_code":2517.0,"lat":57.433,"long_":-6.583},"geometry":{"type":"MultiPoint","coordinates":[[-6.582999999549543,57.432999999751132]]}},
{"type":"Feature","properties":{"port":"Eastbourne","port_code":632.0,"lat":50.7933,"long_":0.324722},"geometry":{"type":"MultiPoint","coordinates":[[0.324722000121028,50.79329999969616]]}},
{"type":"Feature","properties":{"port":"Eyemouth","port_code":1003.0,"lat":55.867,"long_":-2.083},"geometry":{"type":"MultiPoint","coordinates":[[-2.082999999549543,55.866999999751101]]}},
{"type":"Feature","properties":{"port":"Fishguard","port_code":837.0,"lat":51.993,"long_":-4.974},"geometry":{"type":"MultiPoint","coordinates":[[-4.973999999599471,51.992999999651204]]}},
{"type":"Feature","properties":{"port":"Fleetwood","port_code":901.0,"lat":53.917,"long_":-3.0},"geometry":{"type":"MultiPoint","coordinates":[[-3.000000000199009,53.917000000050905]]}},
{"type":"Feature","properties":{"port":"Fraserburgh","port_code":1607.0,"lat":57.683,"long_":-2.0},"geometry":{"type":"MultiPoint","coordinates":[[-2.00000000039887,57.683000000150798]]}},
{"type":"Feature","properties":{"port":"Gairloch","port_code":2704.0,"lat":57.7,"long_":-5.683},"geometry":{"type":"MultiPoint","coordinates":[[-5.682999999549509,57.699999999901024]]}},
{"type":"Feature","properties":{"port":"Gigha","port_code":2703.0,"lat":55.675,"long_":-5.736},"geometry":{"type":"MultiPoint","coordinates":[[-5.736000000199056,55.675000000350678]]}},
{"type":"Feature","properties":{"port":"Girvan","port_code":2827.0,"lat":55.233,"long_":-4.85},"geometry":{"type":"MultiPoint","coordinates":[[-4.850000000099101,55.232999999651213]]}},
{"type":"Feature","properties":{"port":"Gourdon","port_code":1309.0,"lat":56.828,"long_":-2.284},"geometry":{"type":"MultiPoint","coordinates":[[-2.284000000298931,56.827999999701149]]}},
{"type":"Feature","properties":{"port":"Great Yarmouth","port_code":441.0,"lat":52.633,"long_":1.75},"geometry":{"type":"MultiPoint","coordinates":[[1.750000000200657,52.633000000350648]]}},
{"type":"Feature","properties":{"port":"Grimsby","port_code":301.0,"lat":53.533,"long_":0.0},"geometry":{"type":"MultiPoint","coordinates":[[0.000000000100727,53.533000000350683]]}},
{"type":"Feature","properties":{"port":"Guernsey","port_code":90.0,"lat":49.4573,"long_":-2.52689},"geometry":{"type":"MultiPoint","coordinates":[[-2.526890000172557,49.457299999596216]]}},
{"type":"Feature","properties":{"port":"Hartlepool","port_code":127.0,"lat":54.683,"long_":-1.217},"geometry":{"type":"MultiPoint","coordinates":[[-1.216999999949223,54.682999999851063]]}},
{"type":"Feature","properties":{"port":"Harwich","port_code":466.0,"lat":51.95,"long_":1.3},"geometry":{"type":"MultiPoint","coordinates":[[1.300000000200669,51.949999999701163]]}},
{"type":"Feature","properties":{"port":"Helmsdale","port_code":2005.0,"lat":58.115,"long_":-3.649},"geometry":{"type":"MultiPoint","coordinates":[[-3.648999999549517,58.115000000150815]]}},
{"type":"Feature","properties":{"port":"Holyhead","port_code":878.0,"lat":53.3,"long_":-4.633},"geometry":{"type":"MultiPoint","coordinates":[[-4.632999999849289,53.299999999701129]]}},
{"type":"Feature","properties":{"port":"Howth","port_code":9300.0,"lat":53.39,"long_":-6.077},"geometry":{"type":"MultiPoint","coordinates":[[-6.076999999949237,53.389999999701161]]}},
{"type":"Feature","properties":{"port":"Hoy","port_code":2123.0,"lat":58.8,"long_":-3.2},"geometry":{"type":"MultiPoint","coordinates":[[-3.199999999799331,58.800000000400644]]}},
{"type":"Feature","properties":{"port":"Ilfracombe","port_code":792.0,"lat":51.21,"long_":-4.113},"geometry":{"type":"MultiPoint","coordinates":[[-4.113000000348904,51.210000000100877]]}},
{"type":"Feature","properties":{"port":"Isle Of Whithorn","port_code":2839.0,"lat":54.699,"long_":-4.364},"geometry":{"type":"MultiPoint","coordinates":[[-4.364000000099111,54.699000000250749]]}},
{"type":"Feature","properties":{"port":"Jersey","port_code":91.0,"lat":49.2153,"long_":-2.12583},"geometry":{"type":"MultiPoint","coordinates":[[-2.125829999753876,49.215300000295713]]}},
{"type":"Feature","properties":{"port":"Kallin","port_code":2343.0,"lat":57.467,"long_":-7.2},"geometry":{"type":"MultiPoint","coordinates":[[-7.199999999899262,57.467000000150847]]}},
{"type":"Feature","properties":{"port":"Kilkeel","port_code":10.0,"lat":54.067,"long_":-6.0},"geometry":{"type":"MultiPoint","coordinates":[[-5.999999999599481,54.066999999751147]]}},
{"type":"Feature","properties":{"port":"Killybegs","port_code":9100.0,"lat":54.645,"long_":-8.468},"geometry":{"type":"MultiPoint","coordinates":[[-8.468000000099096,54.645000000250718]]}},
{"type":"Feature","properties":{"port":"Kimmeridge","port_code":667.0,"lat":50.617,"long_":-2.117},"geometry":{"type":"MultiPoint","coordinates":[[-2.116999999949201,50.617000000350686]]}},
{"type":"Feature","properties":{"port":"Kings Lynn","port_code":326.0,"lat":52.75,"long_":0.383},"geometry":{"type":"MultiPoint","coordinates":[[0.383000000450465,52.749999999900979]]}},
{"type":"Feature","properties":{"port":"Kingswear","port_code":722.0,"lat":50.333,"long_":-3.567},"geometry":{"type":"MultiPoint","coordinates":[[-3.566999999749385,50.333000000450568]]}},
{"type":"Feature","properties":{"port":"Kinlochbervie","port_code":2409.0,"lat":58.45,"long_":-5.05},"geometry":{"type":"MultiPoint","coordinates":[[-5.049999999699423,58.450000000200816]]}},
{"type":"Feature","properties":{"port":"Kirkwall","port_code":2113.0,"lat":58.983,"long_":-2.95},"geometry":{"type":"MultiPoint","coordinates":[[-2.950000000298985,58.98300000025074]]}},
{"type":"Feature","properties":{"port":"Kyle","port_code":2507.0,"lat":57.267,"long_":-5.7},"geometry":{"type":"MultiPoint","coordinates":[[-5.700000000199054,57.266999999651205]]}},
{"type":"Feature","properties":{"port":"Largs","port_code":2808.0,"lat":55.7833,"long_":-4.85},"geometry":{"type":"MultiPoint","coordinates":[[-4.850000000099101,55.7832999997961]]}},
{"type":"Feature","properties":{"port":"Leigh-On-Sea","port_code":511.0,"lat":51.55,"long_":0.667},"geometry":{"type":"MultiPoint","coordinates":[[0.667000000350583,51.549999999601255]]}},
{"type":"Feature","properties":{"port":"Lerwick","port_code":2205.0,"lat":60.163,"long_":-1.158},"geometry":{"type":"MultiPoint","coordinates":[[-1.157999999599497,60.163000000050886]]}},
{"type":"Feature","properties":{"port":"Leverburgh","port_code":2335.0,"lat":57.767,"long_":-7.017},"geometry":{"type":"MultiPoint","coordinates":[[-7.017000000049165,57.767000000450594]]}},
{"type":"Feature","properties":{"port":"Loch Carnan","port_code":2329.0,"lat":57.367,"long_":-7.267},"geometry":{"type":"MultiPoint","coordinates":[[-7.266999999549512,57.367000000350686]]}},
{"type":"Feature","properties":{"port":"Lochboisdale","port_code":2331.0,"lat":57.15,"long_":-7.3},"geometry":{"type":"MultiPoint","coordinates":[[-7.299999999699423,57.150000000100874]]}},
{"type":"Feature","properties":{"port":"Lochinver","port_code":2415.0,"lat":58.15,"long_":-5.233},"geometry":{"type":"MultiPoint","coordinates":[[-5.23299999954952,58.149999999901013]]}},
{"type":"Feature","properties":{"port":"Lochmaddy","port_code":2342.0,"lat":57.603,"long_":-7.163},"geometry":{"type":"MultiPoint","coordinates":[[-7.162999999649458,57.602999999950953]]}},
{"type":"Feature","properties":{"port":"Looe","port_code":736.0,"lat":50.35,"long_":-4.45},"geometry":{"type":"MultiPoint","coordinates":[[-4.449999999999193,50.350000000200794]]}},
{"type":"Feature","properties":{"port":"Lowestoft","port_code":401.0,"lat":52.483,"long_":1.75},"geometry":{"type":"MultiPoint","coordinates":[[1.750000000200657,52.482999999751144]]}},
{"type":"Feature","properties":{"port":"Macduff","port_code":1703.0,"lat":57.667,"long_":-2.483},"geometry":{"type":"MultiPoint","coordinates":[[-2.482999999649451,57.666999999751113]]}},
{"type":"Feature","properties":{"port":"Mallaig","port_code":2523.0,"lat":57.0,"long_":-5.817},"geometry":{"type":"MultiPoint","coordinates":[[-5.816999999749385,57.000000000400632]]}},
{"type":"Feature","properties":{"port":"Maryport","port_code":985.0,"lat":54.7,"long_":-3.5},"geometry":{"type":"MultiPoint","coordinates":[[-3.500000000099135,54.699999999601232]]}},
{"type":"Feature","properties":{"port":"Methil and Leven","port_code":1201.0,"lat":56.186,"long_":-3.006},"geometry":{"type":"MultiPoint","coordinates":[[-3.005999999899245,56.18600000030068]]}},
{"type":"Feature","properties":{"port":"Mevagissey","port_code":742.0,"lat":50.267,"long_":-4.783},"geometry":{"type":"MultiPoint","coordinates":[[-4.782999999549531,50.267000000150801]]}},
{"type":"Feature","properties":{"port":"Mid Yell","port_code":2224.0,"lat":60.6,"long_":-1.05},"geometry":{"type":"MultiPoint","coordinates":[[-1.049999999599493,60.600000000400655]]}},
{"type":"Feature","properties":{"port":"Milford Haven","port_code":801.0,"lat":51.717,"long_":-5.033},"geometry":{"type":"MultiPoint","coordinates":[[-5.032999999949254,51.716999999950986]]}},
{"type":"Feature","properties":{"port":"Montrose","port_code":1305.0,"lat":56.7,"long_":-2.467},"geometry":{"type":"MultiPoint","coordinates":[[-2.467000000149085,56.700000000100886]]}},
{"type":"Feature","properties":{"port":"Newhaven","port_code":635.0,"lat":50.789,"long_":0.057},"geometry":{"type":"MultiPoint","coordinates":[[0.056999999950847,50.789000000150793]]}},
{"type":"Feature","properties":{"port":"Newlyn","port_code":702.0,"lat":50.101,"long_":-5.554},"geometry":{"type":"MultiPoint","coordinates":[[-5.553999999699442,50.101000000050874]]}},
{"type":"Feature","properties":{"port":"North Shields","port_code":101.0,"lat":55.005,"long_":-1.473},"geometry":{"type":"MultiPoint","coordinates":[[-1.473000000049126,55.005000000250732]]}},
{"type":"Feature","properties":{"port":"Northbay","port_code":2339.0,"lat":57.0,"long_":-7.4},"geometry":{"type":"MultiPoint","coordinates":[[-7.400000000398904,57.000000000400632]]}},
{"type":"Feature","properties":{"port":"Oban","port_code":2607.0,"lat":56.4,"long_":-5.467},"geometry":{"type":"MultiPoint","coordinates":[[-5.466999999549557,56.399999999801082]]}},
{"type":"Feature","properties":{"port":"Padstow","port_code":781.0,"lat":50.533,"long_":-4.933},"geometry":{"type":"MultiPoint","coordinates":[[-4.933000000149093,50.53300000005089]]}},
{"type":"Feature","properties":{"port":"Peel","port_code":60.0,"lat":54.2272,"long_":-4.69611},"geometry":{"type":"MultiPoint","coordinates":[[-4.696109999975704,54.227200000380662]]}},
{"type":"Feature","properties":{"port":"Peterhead","port_code":1509.0,"lat":57.502,"long_":-1.778},"geometry":{"type":"MultiPoint","coordinates":[[-1.777999999799363,57.501999999900988]]}},
{"type":"Feature","properties":{"port":"Pittenweem","port_code":1205.0,"lat":56.217,"long_":-2.733},"geometry":{"type":"MultiPoint","coordinates":[[-2.733000000049174,56.216999999950986]]}},
{"type":"Feature","properties":{"port":"Plymouth","port_code":701.0,"lat":50.364,"long_":-4.134},"geometry":{"type":"MultiPoint","coordinates":[[-4.134000000199023,50.364000000100873]]}},
{"type":"Feature","properties":{"port":"Poole","port_code":602.0,"lat":50.717,"long_":-2.0},"geometry":{"type":"MultiPoint","coordinates":[[-2.00000000039887,50.71700000015079]]}},
{"type":"Feature","properties":{"port":"Port Ellen","port_code":2705.0,"lat":55.617,"long_":-6.183},"geometry":{"type":"MultiPoint","coordinates":[[-6.183000000348954,55.617000000250755]]}},
{"type":"Feature","properties":{"port":"Port Isaac","port_code":784.0,"lat":50.583,"long_":-4.817},"geometry":{"type":"MultiPoint","coordinates":[[-4.816999999949246,50.582999999950971]]}},
{"type":"Feature","properties":{"port":"Port Seton","port_code":1107.0,"lat":55.967,"long_":-2.933},"geometry":{"type":"MultiPoint","coordinates":[[-2.932999999649439,55.967000000450582]]}},
{"type":"Feature","properties":{"port":"Port St Mary","port_code":65.0,"lat":54.0714,"long_":-4.73195},"geometry":{"type":"MultiPoint","coordinates":[[-4.731949999791823,54.071400000310689]]}},
{"type":"Feature","properties":{"port":"Portaskaig","port_code":2707.0,"lat":55.833,"long_":-6.1},"geometry":{"type":"MultiPoint","coordinates":[[-6.100000000298962,55.833000000250763]]}},
{"type":"Feature","properties":{"port":"Portavogie","port_code":30.0,"lat":54.45,"long_":-5.45},"geometry":{"type":"MultiPoint","coordinates":[[-5.449999999799331,54.450000000100829]]}},
{"type":"Feature","properties":{"port":"Portpatrick","port_code":2833.0,"lat":54.841,"long_":-5.119},"geometry":{"type":"MultiPoint","coordinates":[[-5.118999999849279,54.840999999751148]]}},
{"type":"Feature","properties":{"port":"Portree","port_code":2513.0,"lat":57.4,"long_":-6.183},"geometry":{"type":"MultiPoint","coordinates":[[-6.183000000348954,57.399999999601221]]}},
{"type":"Feature","properties":{"port":"Portrush","port_code":51.0,"lat":55.206,"long_":-6.658},"geometry":{"type":"MultiPoint","coordinates":[[-6.658000000298955,55.206000000100858]]}},
{"type":"Feature","properties":{"port":"Portsmouth","port_code":654.0,"lat":50.797,"long_":-1.108},"geometry":{"type":"MultiPoint","coordinates":[[-1.107999999699416,50.797000000350636]]}},
{"type":"Feature","properties":{"port":"Pwllheli","port_code":868.0,"lat":52.883,"long_":-4.417},"geometry":{"type":"MultiPoint","coordinates":[[-4.416999999849281,52.882999999851052]]}},
{"type":"Feature","properties":{"port":"Queenborough","port_code":549.0,"lat":51.417,"long_":0.767},"geometry":{"type":"MultiPoint","coordinates":[[0.767000000150688,51.416999999651182]]}},
{"type":"Feature","properties":{"port":"Ramsey","port_code":80.0,"lat":54.321,"long_":-4.384},"geometry":{"type":"MultiPoint","coordinates":[[-4.383999999699427,54.321000000250763]]}},
{"type":"Feature","properties":{"port":"Rathmullen","port_code":9005.0,"lat":55.098,"long_":-7.529},"geometry":{"type":"MultiPoint","coordinates":[[-7.529000000249027,55.098000000100853]]}},
{"type":"Feature","properties":{"port":"River Dart","port_code":721.0,"lat":50.333,"long_":-3.55},"geometry":{"type":"MultiPoint","coordinates":[[-3.549999999999216,50.333000000450568]]}},
{"type":"Feature","properties":{"port":"River Fal - Falmouth","port_code":746.0,"lat":50.148,"long_":-5.076},"geometry":{"type":"MultiPoint","coordinates":[[-5.075999999899238,50.148000000100865]]}},
{"type":"Feature","properties":{"port":"River Fowey","port_code":740.0,"lat":50.341,"long_":-4.633},"geometry":{"type":"MultiPoint","coordinates":[[-4.632999999849289,50.340999999751091]]}},
{"type":"Feature","properties":{"port":"Rothesay","port_code":2814.0,"lat":55.833,"long_":-5.033},"geometry":{"type":"MultiPoint","coordinates":[[-5.032999999949254,55.833000000250763]]}},
{"type":"Feature","properties":{"port":"Rye","port_code":626.0,"lat":50.95,"long_":0.733},"geometry":{"type":"MultiPoint","coordinates":[[0.73299999975103,50.949999999901024]]}},
{"type":"Feature","properties":{"port":"Salcombe","port_code":725.0,"lat":50.233,"long_":-3.783},"geometry":{"type":"MultiPoint","coordinates":[[-3.782999999749393,50.232999999751087]]}},
{"type":"Feature","properties":{"port":"Sanday","port_code":2101.0,"lat":59.233,"long_":-2.6},"geometry":{"type":"MultiPoint","coordinates":[[-2.600000000099101,59.232999999751144]]}},
{"type":"Feature","properties":{"port":"Scalloway and Isles","port_code":2217.0,"lat":60.133,"long_":-1.3},"geometry":{"type":"MultiPoint","coordinates":[[-1.299999999999159,60.132999999751121]]}},
{"type":"Feature","properties":{"port":"Scalpay","port_code":2319.0,"lat":57.867,"long_":-6.7},"geometry":{"type":"MultiPoint","coordinates":[[-6.699999999999193,57.867000000250755]]}},
{"type":"Feature","properties":{"port":"Scarborough","port_code":217.0,"lat":54.287,"long_":-0.414},"geometry":{"type":"MultiPoint","coordinates":[[-0.413999999899261,54.286999999851048]]}},
{"type":"Feature","properties":{"port":"Scrabster","port_code":2035.0,"lat":58.6,"long_":-3.533},"geometry":{"type":"MultiPoint","coordinates":[[-3.53300000024899,58.599999999901002]]}},
{"type":"Feature","properties":{"port":"Shoreham-by-Sea","port_code":639.0,"lat":50.833,"long_":-0.2667},"geometry":{"type":"MultiPoint","coordinates":[[-0.266699999704429,50.833000000350637]]}},
{"type":"Feature","properties":{"port":"Silloth","port_code":987.0,"lat":54.868,"long_":-3.395},"geometry":{"type":"MultiPoint","coordinates":[[-3.394999999949221,54.868000000200766]]}},
{"type":"Feature","properties":{"port":"Sleat","port_code":2509.0,"lat":57.098,"long_":-5.865},"geometry":{"type":"MultiPoint","coordinates":[[-5.865000000049179,57.097999999701187]]}},
{"type":"Feature","properties":{"port":"Snizort","port_code":2515.0,"lat":57.483,"long_":-6.317},"geometry":{"type":"MultiPoint","coordinates":[[-6.316999999649454,57.482999999651213]]}},
{"type":"Feature","properties":{"port":"South Ronaldsay","port_code":2127.0,"lat":58.733,"long_":-2.967},"geometry":{"type":"MultiPoint","coordinates":[[-2.967000000049154,58.732999999851074]]}},
{"type":"Feature","properties":{"port":"South Uist and Eriskay","port_code":2330.0,"lat":57.07,"long_":-7.27877},"geometry":{"type":"MultiPoint","coordinates":[[-7.278770000034683,57.069999999901029]]}},
{"type":"Feature","properties":{"port":"Southwold","port_code":451.0,"lat":52.333,"long_":1.683},"geometry":{"type":"MultiPoint","coordinates":[[1.682999999651088,52.333000000050902]]}},
{"type":"Feature","properties":{"port":"Stockinish","port_code":2337.0,"lat":57.823,"long_":-6.839},"geometry":{"type":"MultiPoint","coordinates":[[-6.838999999649445,57.823000000050911]]}},
{"type":"Feature","properties":{"port":"Stonehaven","port_code":1403.0,"lat":56.967,"long_":-2.2},"geometry":{"type":"MultiPoint","coordinates":[[-2.199999999999193,56.967000000250721]]}},
{"type":"Feature","properties":{"port":"Stornoway","port_code":2305.0,"lat":58.2,"long_":-6.383},"geometry":{"type":"MultiPoint","coordinates":[[-6.38299999994922,58.199999999801094]]}},
{"type":"Feature","properties":{"port":"Stranraer","port_code":2831.0,"lat":54.904,"long_":-5.024},"geometry":{"type":"MultiPoint","coordinates":[[-5.024000000398871,54.904000000200767]]}},
{"type":"Feature","properties":{"port":"Sullom","port_code":2235.0,"lat":60.45,"long_":-1.2},"geometry":{"type":"MultiPoint","coordinates":[[-1.200000000199054,60.449999999801094]]}},
{"type":"Feature","properties":{"port":"Symbister","port_code":2220.0,"lat":60.317,"long_":-1.0},"geometry":{"type":"MultiPoint","coordinates":[[-0.999999999699412,60.316999999851078]]}},
{"type":"Feature","properties":{"port":"Tarbert","port_code":2725.0,"lat":55.8653,"long_":-5.40639},"geometry":{"type":"MultiPoint","coordinates":[[-5.406389999597991,55.865299999596232]]}},
{"type":"Feature","properties":{"port":"Tayinloan","port_code":2720.0,"lat":55.667,"long_":-5.65},"geometry":{"type":"MultiPoint","coordinates":[[-5.650000000298974,55.667000000150836]]}},
{"type":"Feature","properties":{"port":"Teignmouth","port_code":713.0,"lat":50.546,"long_":-3.499},"geometry":{"type":"MultiPoint","coordinates":[[-3.498999999849275,50.545999999701166]]}},
{"type":"Feature","properties":{"port":"Tingwall","port_code":2102.0,"lat":59.083,"long_":-3.017},"geometry":{"type":"MultiPoint","coordinates":[[-3.016999999949235,59.083000000050902]]}},
{"type":"Feature","properties":{"port":"Tobermory (Isle Of Mull)","port_code":2611.0,"lat":56.633,"long_":-6.083},"geometry":{"type":"MultiPoint","coordinates":[[-6.082999999649473,56.633000000450579]]}},
{"type":"Feature","properties":{"port":"Torquay","port_code":715.0,"lat":50.461,"long_":-3.525},"geometry":{"type":"MultiPoint","coordinates":[[-3.525000000049147,50.461000000050888]]}},
{"type":"Feature","properties":{"port":"Troon","port_code":2816.0,"lat":55.548,"long_":-4.683},"geometry":{"type":"MultiPoint","coordinates":[[-4.68299999974937,55.548000000100842]]}},
{"type":"Feature","properties":{"port":"Troon and Saltcoats","port_code":2819.0,"lat":55.5503,"long_":-4.6833},"geometry":{"type":"MultiPoint","coordinates":[[-4.683300000094107,55.550300000045922]]}},
{"type":"Feature","properties":{"port":"Uig","port_code":2853.0,"lat":57.0228,"long_":-5.77057},"geometry":{"type":"MultiPoint","coordinates":[[-5.770569999904751,57.022799999621213]]}},
{"type":"Feature","properties":{"port":"Ullapool","port_code":2418.0,"lat":57.9,"long_":-5.167},"geometry":{"type":"MultiPoint","coordinates":[[-5.167000000149073,57.90000000040061]]}},
{"type":"Feature","properties":{"port":"Uyeasound and Baltasound","port_code":2211.0,"lat":60.683,"long_":-0.917},"geometry":{"type":"MultiPoint","coordinates":[[-0.91699999964942,60.683000000450591]]}},
{"type":"Feature","properties":{"port":"Vidlin","port_code":2226.0,"lat":60.35,"long_":-1.117},"geometry":{"type":"MultiPoint","coordinates":[[-1.117000000149062,60.350000000000932]]}},
{"type":"Feature","properties":{"port":"Wells","port_code":406.0,"lat":51.209,"long_":-2.649},"geometry":{"type":"MultiPoint","coordinates":[[-2.648999999749378,51.208999999851017]]}},
{"type":"Feature","properties":{"port":"West Burrafirth","port_code":2233.0,"lat":60.3,"long_":-1.517},"geometry":{"type":"MultiPoint","coordinates":[[-1.51700000024897,60.300000000100852]]}},
{"type":"Feature","properties":{"port":"West Loch Tarbert","port_code":2701.0,"lat":55.85,"long_":-5.433},"geometry":{"type":"MultiPoint","coordinates":[[-5.433000000049162,55.850000000000932]]}},
{"type":"Feature","properties":{"port":"Weymouth","port_code":669.0,"lat":50.6,"long_":-2.45},"geometry":{"type":"MultiPoint","coordinates":[[-2.450000000398859,50.59999999970114]]}},
{"type":"Feature","properties":{"port":"Whalsay","port_code":2207.0,"lat":60.35,"long_":-1.033},"geometry":{"type":"MultiPoint","coordinates":[[-1.032999999849324,60.350000000000932]]}},
{"type":"Feature","properties":{"port":"Whitby","port_code":213.0,"lat":54.487,"long_":-0.631},"geometry":{"type":"MultiPoint","coordinates":[[-0.631000000149072,54.48700000035069]]}},
{"type":"Feature","properties":{"port":"Whitehaven","port_code":980.0,"lat":54.55,"long_":-3.6},"geometry":{"type":"MultiPoint","coordinates":[[-3.599999999899239,54.54999999990099]]}},
{"type":"Feature","properties":{"port":"Whitstable","port_code":550.0,"lat":51.364,"long_":1.026},"geometry":{"type":"MultiPoint","coordinates":[[1.026000000100737,51.363999999901012]]}},
{"type":"Feature","properties":{"port":"Wick","port_code":2015.0,"lat":58.433,"long_":-3.083},"geometry":{"type":"MultiPoint","coordinates":[[-3.083000000249001,58.433000000450591]]}}
]
}
